root_domain	host	target_name	category	source_url	frontendatlas_url	route_type	state	contacted_on	last_checked_on	next_check_on	result_reason	evidence_url
zero-to-mastery.github.io	zero-to-mastery.github.io	Zero to Mastery Interviewing Tools	open_source_resource	https://github.com/zero-to-mastery/resources/blob/master/CONTRIBUTING.md	https://frontendatlas.com/coding	pull_request	submitted	2026-08-15	2026-08-31	2026-09-07	Public PR 1028 is open and mergeable; it discloses affiliation and freemium access and adds FrontendAtlas under Interviewing Tools; duplicate outreach is suppressed while acceptance and live placement remain unverified Review 2026-09-19: PR 1028 merged on 2026-09-17 and the intended link was observed live at https://zero-to-mastery.github.io/resources/HowtoInterviewforCodeJobs. Historical observation; not rechecked during registry consolidation.	https://github.com/zero-to-mastery/resources/pull/1028
it-journey.dev	it-journey.dev	IT-Journey System Design Interviews	open_source_resource	https://it-journey.dev/CONTRIBUTING/	https://frontendatlas.com/system-design	pull_request	submitted	2026-08-31	2026-08-31	2026-09-14	Public PR 674 is open and mergeable; the one-file diff adds one contextual Community Resources link plus the required lastmod update, and the PR discloses affiliation and the free/premium split; nine workflows are action_required with zero jobs pending maintainer approval, not verified test passes; acceptance and live placement remain unverified Review 2026-09-19: PR 674 merged on 2026-09-03 and the intended link was observed live at https://it-journey.dev/quests/1110/system-design-interviews/. This supersedes the older pending observation; not rechecked during registry consolidation.	https://github.com/bamr87/it-journey/pull/674
handbook.academy	handbook.academy	Handbook Academy JavaScript Practice Path	open_source_resource	https://github.com/handbook-academy/engineering-handbook/blob/main/CONTRIBUTING.md	https://frontendatlas.com/guides/framework-prep/javascript-prep-path	pull_request	submitted	2026-08-29	2026-08-31	2026-09-12	Public PR 25 is open and mergeable; it adds an optional JavaScript-specific practice path with affiliation disclosure while preserving the chapter's core guidance; acceptance and live placement remain unverified	https://github.com/handbook-academy/engineering-handbook/pull/25
civicactions.com	guidebook.civicactions.com	CivicActions Accessibility Defect Priority	open_source_resource	https://github.com/CivicActions/accessibility/blob/main/CONTRIBUTING.md	https://frontendatlas.com/incidents/modal-screen-reader-failure	pull_request	submitted	2026-08-29	2026-08-31	2026-09-12	Public PR 910 is open and mergeable; it adds one contextual worked modal incident with affiliation disclosure; acceptance and live placement remain unverified	https://github.com/CivicActions/accessibility/pull/910
csdiy.wiki	csdiy.wiki	CS DIY CS571 supplemental machine-coding practice	open_source_resource	https://github.com/PKUFlyingPig/cs-self-learning#%E5%A6%82%E4%BD%95%E6%88%90%E4%B8%BA%E8%B4%A1%E7%8C%AE%E8%80%85	https://frontendatlas.com/machine-coding	pull_request	submitted	2026-08-31	2026-08-31	2026-09-14	Public PR 903 is open and mergeable; its two-file bilingual diff adds eight lines with no deletions, and the PR discloses affiliation, freemium access, and that mkdocs build --strict was not run locally; the repository exposes no PR checks for this change; acceptance and live placement remain unverified	https://github.com/PKUFlyingPig/cs-self-learning/pull/903
sumitsingh4411.github.io	sumitsingh4411.github.io	Frontend Interview Prep system design practice	open_source_resource	https://github.com/sumitsingh4411/frontend-interview-questions/blob/main/CONTRIBUTING.md	https://frontendatlas.com/system-design	pull_request	submitted	2026-08-31	2026-08-31	2026-09-14	Public PR 3 is open and mergeable; its one-line replacement keeps the resource list at three links and states the 7-free and 16-premium split inline, while the PR discloses affiliation and freemium access; repository duplicate checks and Semrush were clear, but local site tests were not run and the repository exposes no PR checks; acceptance and live placement remain unverified	https://github.com/sumitsingh4411/frontend-interview-questions/pull/3
education.gov.uk	accessibility.education.gov.uk	DfE accessible modal debugging training resource	open_source_resource	https://github.com/DFE-Digital/accessibility-manual#contributing	https://frontendatlas.com/incidents/modal-screen-reader-failure	pull_request	submitted	2026-08-31	2026-08-31	2026-09-14	Public PR 144 is open and mergeable; its one-file diff adds the free incident to the existing external training table with the required GOV.UK link classes and transparent affiliation and freemium disclosure; Code Quality Checks are action_required pending maintainer approval, not verified passes; acceptance and live placement remain unverified	https://github.com/DFE-Digital/accessibility-manual/pull/144
in-tech-gration.github.io	in-tech-gration.github.io	WDX 180 Week 36 post-course interview practice	open_source_resource	https://github.com/in-tech-gration/WDX-180/blob/main/CONTRIBUTING.md	https://frontendatlas.com/interview-questions/essential	pull_request	planned_not_sent		2026-08-31	2026-09-14	Official workflow requires a copied Google resource-review document shared as Anyone with the link Commenter before the issue and PR; browser security policy blocked access to the required docs.google.com copy page, so no document, issue, fork, or PR was created; Pages is also behind main, so do not submit until the review document can be completed and deployment health is rechecked	https://github.com/in-tech-gration/WDX-180/blob/main/CONTRIBUTING.md
iamsharduld.github.io	iamsharduld.github.io	Systems At Scale Further Reading	open_source_resource	https://github.com/iamsharduld/Systems-At-Scale/blob/main/CONTRIBUTING.md	https://frontendatlas.com/guides/system-design-blueprint	pull_request	submitted	2026-08-31	2026-08-31	2026-09-14	Public PR 3 is open and mergeable; its one-line README-only diff adds the free frontend system-design blueprint under Further Reading and discloses affiliation and the platform's freemium model; no project test or workflow is defined, and the upstream repository has been inactive since August 2023, so acceptance, response time, and live placement remain unverified	https://github.com/iamsharduld/Systems-At-Scale/pull/3
thedaviddias.github.io	thedaviddias.github.io	Front-End Beginner interview preparation journey	open_source_resource	https://github.com/thedaviddias/Resources-Front-End-Beginner/blob/main/CONTRIBUTING.md	https://frontendatlas.com/	pull_request	submitted	2026-08-31	2026-08-31	2026-09-14	Public PR 71 is open and mergeable; its one-line README-only diff adds FrontendAtlas under Start here and marks the mixed access model with the existing money and free symbols, while the PR discloses affiliation and freemium access; Check Markdown links is action_required pending maintainer approval, the upstream has a stale nine-PR backlog, and the same maintainer received a separate Front-End-Checklist issue seven days earlier, so acceptance, response time, and live placement remain unverified	https://github.com/thedaviddias/Resources-Front-End-Beginner/pull/71
csresourcehub.ca	csresourcehub.ca	CSResourceHub Interview Prep	open_source_resource	https://github.com/NicholasXydis/CSResourceHub/blob/main/CONTRIBUTING.md	https://frontendatlas.com/guides/system-design-blueprint	pull_request	human_negative	2026-08-29	2026-09-01		Public PR 60 passed local repository checks but was closed unmerged on 2026-08-31 after a maintainer stated that the source did not meet the project criteria; the direct editorial rejection is terminal for this backlink opportunity and duplicate outreach is suppressed	https://github.com/NicholasXydis/CSResourceHub/pull/60#issuecomment-5484799224
devpages.io	devpages.io	DevPages Learning Platforms	directory	https://devpages.io/submit-a-tool	https://frontendatlas.com/interview-questions/essential	form	submitted	2026-08-29	2026-08-29	2026-09-12	Free no-login submission was placed in Learning Platforms as Freemium; the form displayed a receipt confirming manual review and email follow-up; acceptance and live placement remain unverified	https://devpages.io/submit-a-tool
frontpedia.com	frontpedia.com	Frontpedia Resources	directory	https://frontpedia.com/	https://frontendatlas.com/machine-coding	form	submitted	2026-08-29	2026-08-29	2026-09-12	Resource URL was submitted with the optional credit field blank; the success dialog confirmed the suggestion would be reviewed; acceptance and live placement remain unverified	https://frontpedia.com/
toools.design	www.toools.design	TOOOLS.design Learning	directory	https://www.toools.design/suggest-a-tool	https://frontendatlas.com/guides/interview-blueprint/ui-interviews	form	submitted	2026-08-29	2026-08-29	2026-09-12	Learning-category UI and accessibility guide suggestion was submitted with transparent Free plus Paid pricing and the optional email field blank; the page displayed a success receipt; acceptance and live placement remain unverified	https://www.toools.design/suggest-a-tool
webaide.in	webaide.in	WebAide Guides and Cheat Sheets	resource_library	https://webaide.in/	https://frontendatlas.com/guides/interview-blueprint/ui-interviews	form	planned_not_sent		2026-08-29	2026-09-12	The Resource to Feature submit action completed and the modal closed without an error, but the site displayed no explicit success receipt; delivery cannot be verified, so do not retry automatically or claim submission without new evidence	https://webaide.in/
smartees.tech	smartees.tech	Smartees Free Tool Listing	directory	https://smartees.tech/tr/submit	https://frontendatlas.com/tools/cv	form	submitted	2026-08-29	2026-08-29	2026-09-12	FrontendAtlas CV Linter was submitted through the free standard tier; the page confirmed receipt and a 7 to 14 day review window; acceptance and live placement remain unverified	https://smartees.tech/tr/submit
thecodeversehub.tech	thecodeversehub.tech	The CodeVerse Hub Resources	resource_library	https://thecodeversehub.tech/resources	https://frontendatlas.com/guides/framework-prep/javascript-prep-path	direct_message	planned_not_sent		2026-08-29	2026-08-30	The official Discord invite and direct discord.com invite both failed with ERR_CONNECTION_RESET; no server join, role selection, or suggestion message occurred	https://discord.gg/3xKFvKhuGR
francaise-du-numerique.fr	www.francaise-du-numerique.fr	Française du Numérique Web Directory	directory	https://www.francaise-du-numerique.fr/en/contact/	https://frontendatlas.com/interview-questions/essential	form	submitted	2026-08-29	2026-08-29	2026-09-12	Editorial web-directory resource suggestion was sent through the official contact form under Publish useful guidance; the page displayed a sent confirmation; no paid placement was requested and live placement remains unverified	https://www.francaise-du-numerique.fr/en/contact/
devtools.directory	devtools.directory	DevTools.directory Resources	open_source_resource	https://github.com/devtoolsd/devtoolsd/blob/main/CONTRIBUTING.md	https://frontendatlas.com/interview-questions/essential	pull_request	submitted	2026-08-29	2026-08-29	2026-09-12	Public PR 36 adds one resource using the current content/resources Markdown schema and a clean free target URL; acceptance and live placement remain unverified	https://github.com/devtoolsd/devtoolsd/pull/36
tilobox.com	www.tilobox.com	TiloBox Free-first Directory	directory	https://www.tilobox.com/submit	https://frontendatlas.com/	form	submitted	2026-08-29	2026-08-29	2026-09-12	Free-first product submission was sent with optional email, repository, and logo fields blank; Turnstile required no human challenge and the page displayed a review confirmation; acceptance and live placement remain unverified	https://www.tilobox.com/submit
uneed.best	www.uneed.best	Uneed tool listing	directory	https://www.uneed.best/tool/frontendatlas	https://frontendatlas.com	form	live_link		2026-08-19	2026-08-26	Indexable source has a followed direct href with Uneed tracking parameters; target canonicalizes to the clean root and Semrush recognizes the domain	https://www.uneed.best/tool/frontendatlas
univie.ac.at	muwiserver.univie.ac.at	University of Vienna AI tools	academic	https://muwiserver.univie.ac.at/ai.htm	https://frontendatlas.com/tools/cv	email	live_link	2026-08-15	2026-09-19		Exact clean CV Linter link verified on the current ai.htm page History reconciliation 2026-09-19: First verified SENT was 2026-08-15 to the CV target. Preserve existing live_link; the public href was not rechecked in this historical audit. Full Gmail messages and threads were read; SENT and actual institutional recipients verified. This establishes prior contact, not delivery/read/acceptance. Suppress further contact to this institution under the current task; no new send in this historical reconciliation.	https://muwiserver.univie.ac.at/ai.htm
webweekly.email	webweekly.email	Web Weekly	newsletter	https://webweekly.email/	https://frontendatlas.com	email	existing_ref_domain		2026-08-19		Active referring domain; do not pitch again without a distinct approved reason	https://webweekly.email/
frontendmasters.com	frontendmasters.com	Frontend Masters	editorial	https://frontendmasters.com/blog/	https://frontendatlas.com	organic_submission	closed		2026-08-19		Semrush classified the previously known referring domain as lost on 2026-08-19	https://www.semrush.com/analytics/refdomains/report/?q=frontendatlas.com&searchType=domain
sideprojectors.com	sideprojectors.com	SideProjectors	directory	https://www.sideprojectors.com/	https://frontendatlas.com	form	existing_ref_domain		2026-08-19		Active referring domain found in Semrush snapshot	https://www.sideprojectors.com/
ucsd.edu	career.ucsd.edu	UC San Diego career resources	university_career	https://career.ucsd.edu/	https://frontendatlas.com	unknown	existing_ref_domain		2026-08-19		Known university link already in scope; exclude from new referring-domain outreach	https://career.ucsd.edu/
bc.edu	bc.edu	Boston College career resources	university_career	https://www.bc.edu/bc-web/offices/student-affairs/sites/careers.html	https://frontendatlas.com	unknown	existing_ref_domain		2026-08-19		Known university link already in scope; exclude from new referring-domain outreach	https://www.bc.edu/bc-web/offices/student-affairs/sites/careers.html
systemdesign.one	newsletter.systemdesign.one	System Design Newsletter	newsletter	https://newsletter.systemdesign.one/about	https://frontendatlas.com/system-design/ai-agent-run-inspector	email	human_negative		2026-08-19		Editor declined the resource; do not resend	https://newsletter.systemdesign.one/about
theodinproject.com	www.theodinproject.com	The Odin Project interview resources	open_source_resource	https://www.theodinproject.com/lessons/node-path-getting-hired-preparing-to-interview-and-interviewing	https://frontendatlas.com/coding	issue	excluded	2026-03-17	2026-08-19		Maintainer rejected the prior self-submission and requested independent learner evidence	https://github.com/TheOdinProject/curriculum/issues/30912
mozilla.org	hacks.mozilla.org	Mozilla Hacks	editorial	https://hacks.mozilla.org/about/	https://frontendatlas.com/react/trivia/react-stale-state-closures	editorial_pitch	contacted	2026-08-18	2026-08-19	2026-09-01	Pitch sent: React stale closures are callback-contract bugs	https://hacks.mozilla.org/about/
stackoverflow.blog	stackoverflow.blog	Stack Overflow The Heap	editorial	https://stackoverflow.blog/contributed/	https://frontendatlas.com/machine-coding	form	submitted		2026-08-19		Submission success confirmation was observed	https://stackoverflow.blog/contributed/
web.dev	web.dev	web.dev accessibility content	open_source_resource	https://web.dev/learn/accessibility/	https://frontendatlas.com/incidents/modal-screen-reader-failure	issue	submitted	2026-08-18	2026-08-19		Public issue proposes an applied dialog focus-management example	https://issuetracker.google.com/issues/548320830
alistapart.com	alistapart.com	A List Apart contribute	editorial	https://alistapart.com/about/contribute/	https://frontendatlas.com/incidents/modal-screen-reader-failure	editorial_pitch	contacted	2026-08-18	2026-08-19	2026-09-01	Modal accessibility pitch sent; no simultaneous submission of the same article elsewhere	https://alistapart.com/about/contribute/
infoq.com	www.infoq.com	InfoQ contributor proposal	editorial	https://www.infoq.com/write-for-infoq/	https://frontendatlas.com/machine-coding	form	submitted		2026-08-19		Contributor proposal submitted after browser form completion	https://www.infoq.com/write-for-infoq/
emergetalent.com	www.emergetalent.com	Emerge Talent behavioral interview guide	link_reclamation	https://www.emergetalent.com/post/list-of-the-100-most-common-behavioral-interview-questions	https://frontendatlas.com/guides/behavioral	email	contacted	2026-08-18	2026-08-19	2026-09-01	Semrush classified the prior link as lost; reclaim message was verified in Sent	https://www.emergetalent.com/post/list-of-the-100-most-common-behavioral-interview-questions
stanford.edu	careered.stanford.edu	Stanford Career Resource Links	university_career	https://careered.stanford.edu/	https://frontendatlas.com/interview-questions	email	human_positive		2026-08-24	2026-09-15	A human response confirmed internal sharing with relevant reviewers; no public link has been verified and university outreach remains paused	https://careered.stanford.edu/
york.ac.uk	careers.york.ac.uk	University of York careers resources	university_career	https://careers.york.ac.uk/	https://frontendatlas.com	email	human_negative		2026-08-19		Human response received but no link was added	https://careers.york.ac.uk/
umich.edu	careercenter.umich.edu	University of Michigan career resources	university_career	https://careercenter.umich.edu/	https://frontendatlas.com	email	excluded		2026-08-19		Explicit rejection and prior institutional contact	https://careercenter.umich.edu/
williams.edu	hub.williams.edu	Williams College Tech Resume	university_career	https://hub.williams.edu/career-center/arts-communications-technology-act/technology/the-tech-resume/	https://frontendatlas.com/machine-coding	email	contacted	2026-08-17	2026-09-19		University outreach paused; historical fifth-wave candidate Historical reconciliation 2026-09-19: Tarih sınırsız Gmail kontrolünde 2026-08-17 tarihli gerçek kurum alıcılı SENT mesaj ve konuşması doğrulandı; mesajdaki hedef mevcut frontendatlas_url ile eşleşiyor. Üniversite duraklatması kullanıcı tarafından kaldırıldı, ancak bu kuruma daha önce ulaşılmış olduğundan yeni gönderim yapılmadı. Teslim, yanıt ve canlı bağlantı doğrulanmadı.	https://hub.williams.edu/career-center/arts-communications-technology-act/technology/the-tech-resume/
buffalo.edu	management.buffalo.edu	University at Buffalo interviewing tools	university_career	https://management.buffalo.edu/career-resource-center/students/preparation/tools/interviewing.html	https://frontendatlas.com/system-design	email	contacted	2026-08-17	2026-09-19		University outreach paused; historical fifth-wave candidate Historical reconciliation 2026-09-19: Tarih sınırsız Gmail kontrolünde 2026-08-17 tarihli gerçek kurum alıcılı SENT mesaj ve konuşması doğrulandı; mesajdaki hedef mevcut frontendatlas_url ile eşleşiyor. Üniversite duraklatması kullanıcı tarafından kaldırıldı, ancak bu kuruma daha önce ulaşılmış olduğundan yeni gönderim yapılmadı. Teslim, yanıt ve canlı bağlantı doğrulanmadı.	https://management.buffalo.edu/career-resource-center/students/preparation/tools/interviewing.html
wisc.edu	successworks.wisc.edu	UW-Madison Technology Data and Analytics	university_career	https://successworks.wisc.edu/what-are-career-communities/technology-data-and-analytics/	https://frontendatlas.com/machine-coding	email	contacted	2026-08-17	2026-09-19		University outreach paused; historical fifth-wave candidate Historical reconciliation 2026-09-19: Tarih sınırsız Gmail kontrolünde 2026-08-17 tarihli gerçek kurum alıcılı SENT mesaj ve konuşması doğrulandı; mesajdaki hedef mevcut frontendatlas_url ile eşleşiyor. Üniversite duraklatması kullanıcı tarafından kaldırıldı, ancak bu kuruma daha önce ulaşılmış olduğundan yeni gönderim yapılmadı. Teslim, yanıt ve canlı bağlantı doğrulanmadı.	https://successworks.wisc.edu/what-are-career-communities/technology-data-and-analytics/
snhu.edu	www.snhu.edu	Southern New Hampshire University career resources	university_career	https://www.snhu.edu/student-experience/career	https://frontendatlas.com/machine-coding	email	deferred		2026-09-19	2026-09-15	University backup candidate; pause through September 15 Continuation review 2026-09-19: held_placement_and_target_unverified. Resmî kariyer iletişim kanalı var; kaynak bir hizmet tanıtım sayfası ve bağımsız frontend kaynakları listesi doğrulanamadı. Makine-kodlama hedefi429; modalı genel tanıtıma zorla yerleştirmiyorum. Bu tur gönderim yapılmadı. Üniversite genel duraklatması kaldırıldı; kaydedilen ayrı uygunluk/erişim engelleri sürer.	https://www.snhu.edu/student-experience/career
creighton.edu	www.creighton.edu	Creighton career resources	university_career	https://www.creighton.edu/student-experience/career-center	https://frontendatlas.com/machine-coding	email	deferred		2026-09-19	2026-09-15	University backup candidate; pause through September 15 Continuation review 2026-09-19: held_specific_placement_and_target_unverified. Eski kaynak anonimGET sırasında timeout; yeni resmî Career Center destek sayfası200 ve iletişim açık. Kaynaklar çoğunlukla kendi rehberleri/kurumsal araçlar; tam frontend dış-kaynak yerleşimi doğrulanamadı. İlgili FA hedefi429. Bu tur gönderim yapılmadı. Üniversite genel duraklatması kaldırıldı; kaydedilen ayrı uygunluk/erişim engelleri sürer.	https://www.creighton.edu/student-experience/career-center
unh.edu	www.unh.edu	UNH Career and Professional Success	university_career	https://www.unh.edu/career/resources/interview-skills	https://frontendatlas.com/incidents/modal-screen-reader-failure	email	contacted	2026-09-19	2026-09-19		University backup candidate; pause through September 15 Continuation 2026-09-19: Kontrol edilen kayıtlarda önceki iletişim bulunmadı; kurum, Stephanie Whitney/Molly Collins ve gerçek resmî alıcı, kaynak/hedef geçmişi kontrol edildi. Güncel CEPS kariyer direktörüne tek öneri gönderildi; faculty kanalı değil. Kaynak ve resmî staff sayfası200; farklı gövde bölümünün jobinterviewquestions.org örneğinde rel=noopener. Teknik bölümde LeetCode/HackerRank adları düz metin; bağlantı gibi sunulmadı. Gmail SENT, alıcı/gönderen, konu, içerik ve hedef eşleşti. Teslim/yanıt/canlı link doğrulanmadı. Previous proposed target: https://frontendatlas.com/machine-coding. Previous archive/source example: https://www.unh.edu/career/.	https://www.unh.edu/career/about-caps/meet-caps-team
usfca.edu	myusf.usfca.edu	University of San Francisco career resources	university_career	https://myusf.usfca.edu/career-services	https://frontendatlas.com/machine-coding	email	deferred		2026-09-19	2026-09-15	University backup candidate; pause through September 15 Continuation review 2026-09-19: held_target_and_frontend_fit. Resmî sayfa ve kariyer servisi kanalı canlı. Genel/behavioral görüşme materyali baskın; frontend özel bölüm veya uygun vaka yerleşimi doğrulanamadı. Makine-kodlama hedefi429. Bu tur gönderim yapılmadı. Üniversite genel duraklatması kaldırıldı; kaydedilen ayrı uygunluk/erişim engelleri sürer.	https://myusf.usfca.edu/career-services
kent.ac.uk	www.kent.ac.uk	University of Kent careers resources	university_career	https://www.kent.ac.uk/careers/	https://frontendatlas.com/machine-coding	email	deferred		2026-09-19	2026-09-15	University backup candidate; pause through September 15 Continuation review 2026-09-19: held_below_threshold. Teknik sorular bölümü var, ancak örnekler genel bilim/mühendislik senaryoları; frontend kaynak listesi ve editoryal öneri daveti yok. Modal eklenmesi için ilişki DePaul/UNH kadar güçlü değil. Bu tur gönderim yapılmadı. Üniversite genel duraklatması kaldırıldı; kaydedilen ayrı uygunluk/erişim engelleri sürer.	https://www.kent.ac.uk/careers/
wm.edu	www.wm.edu	William and Mary online resources	university_career	https://www.wm.edu/offices/career/about/policies-procedures/website/	https://frontendatlas.com/tools/cv	form	deferred		2026-09-19	2026-09-15	Official resource form identified; university submissions paused Continuation review 2026-09-19: held_policy_conditions_and_target_unverified. Resmî form/politika canlı. Belirli CV/teknik kaynak yerleşimi doğrulanamadı; eski FA/CV hedefi429. Bağımsız çevrimiçi kaynak için zorunlu üretici fiziksel adresi/yeterlilik açıklaması ve son1yıl güncelleme şartları FA tarafında doğrulanmadı. Bu tur gönderim yapılmadı. Üniversite genel duraklatması kaldırıldı; kaydedilen ayrı uygunluk/erişim engelleri sürer.	https://www.wm.edu/offices/career/about/policies-procedures/website/
fsu.edu	career.fsu.edu	FSU vendor and resource inquiries	university_career	https://career.fsu.edu/about-us/contact-us/vendor-inquiries	https://frontendatlas.com/tools/cv	form	deferred		2026-09-19	2026-09-15	Monthly committee resource form identified; university submissions paused Continuation review 2026-09-19: held_relevant_public_target_missing. Kaynak ekleme için doğru resmî anket, ürün satıcısı formundan ayrı. Kamu Career Tools sayfası var; fakat mevcut FA/CV ve genel hazırlık hedefleri429. Yalnız modal vakası, buradaki geniş hizmet listesine yeterince güçlü ek değil. Bu tur gönderim yapılmadı. Üniversite genel duraklatması kaldırıldı; kaydedilen ayrı uygunluk/erişim engelleri sürer.	https://career.fsu.edu/about-us/contact-us/vendor-inquiries
ou.edu	www.ou.edu	University of Oklahoma career resources	university_career	https://www.ou.edu/career/about	https://frontendatlas.com/tools/cv	form	deferred		2026-09-19	2026-09-15	Quarterly resource form identified; university submissions paused Continuation review 2026-09-19: held_current_page_fit_and_target. URL eski Technology adını taşısa da güncel içerik mühendislik, üretim ve enerjiye odaklanıyor; topluluk kaynakları çoğunlukla iş ilanı/meslek kuruluşları. Frontend hazırlık aracıyla güçlü tam yerleşim gösterilemedi. Eski CV hedefi429. Bu tur gönderim yapılmadı. Üniversite genel duraklatması kaldırıldı; kaydedilen ayrı uygunluk/erişim engelleri sürer.	https://www.ou.edu/career/about
depaul.edu	resources.depaul.edu	DePaul Web App and Software Development	university_career	https://resources.depaul.edu/career-center/career-advising/communities/technology-design/Pages/web-app-and-software-development.aspx	https://frontendatlas.com/incidents/modal-screen-reader-failure	email	contacted	2026-09-19	2026-09-19		Named resource-page opportunity; university outreach paused Continuation 2026-09-19: Kontrol edilen kayıtlarda önceki gönderim bulunmadı; 2026-08-26 tarihli mevcut DRAFT, gerçek taraf ve konuşma olarak ayrıldı; scheduled eşleşmesi yok. Yeni taslak çoğaltılmadan mevcut taslak güncel resmî Technology & Data kariyer koçuna ve uygun kamu modal vakasına uyarlandı, tekrar okunup bir kez gönderildi. Gmail SENT, gerçek alıcı/gönderen, konu, içerik ve hedef doğrulandı. Faculty kanalı değil. Teslim/yanıt/canlı bağlantı doğrulanmadı. Previous proposed target: https://frontendatlas.com/machine-coding.	https://resources.depaul.edu/career-center/about/staff/Pages/default.aspx
ie.edu	ieconnects.ie.edu	IE University Junior Guide Tech	university_career	https://ieconnects.ie.edu/CareersMasters/junior-guide--tech/	https://frontendatlas.com/machine-coding	email	planned_not_sent		2026-09-19		Named guide opportunity; university outreach paused Continuation review 2026-09-19: held_source_redirect_target_and_existing_draft. Web aracındaki guide metni uygun görünse de 19Eyl anonimGET bu URL'den genel /careersmasters/home/ sayfasına yönlendi. Özgün kaynak yerleşimi canlı olarak doğrulanamadı; ayrıca hedef429 ve eski taslak yeniden değerlendirme gerektiriyor. Mevcut gerçek kurum alıcılı Gmail DRAFT doğrulandı; SENT veya scheduled değildir. Yeni taslak/mesaj çoğaltılmadı; uygunluk kapıları çözülürse mevcut taslak yeniden değerlendirilmelidir. Bu tur gönderim yapılmadı. Üniversite genel duraklatması kaldırıldı; kaydedilen ayrı uygunluk/erişim engelleri sürer.	https://ieconnects.ie.edu/CareersMasters/junior-guide--tech/
exeter.ac.uk	www.exeter.ac.uk	University of Exeter assessment resources	university_career	https://www.exeter.ac.uk/students/careers/research/act/assessment/	https://frontendatlas.com/machine-coding	form	planned_not_sent		2026-09-19		Official suggestion channel identified; university submissions paused Continuation review 2026-09-19: held_target_fit_and_existing_draft. Tam sayfa ve öneri/geri bildirim kanalı mevcut. İçerik genel assessment-centre etkinliklerine odaklanıyor; frontend modal vakasını zorla eklemedim. Makine-kodlama hedefi429; eski taslak yeni gönderim öncesi yeniden değerlendirilmeli. Mevcut gerçek kurum alıcılı Gmail DRAFT doğrulandı; SENT veya scheduled değildir. Yeni taslak/mesaj çoğaltılmadı; uygunluk kapıları çözülürse mevcut taslak yeniden değerlendirilmelidir. Bu tur gönderim yapılmadı. Üniversite genel duraklatması kaldırıldı; kaydedilen ayrı uygunluk/erişim engelleri sürer.	https://www.exeter.ac.uk/students/careers/research/act/assessment/
sfsu.edu	cs.sfsu.edu	SFSU CS career resources	academic	https://cs.sfsu.edu/career-development-internships-jobs-and-resources	https://frontendatlas.com/machine-coding	email	planned_not_sent		2026-09-19		Department resource-page opportunity; university outreach paused Continuation review 2026-09-19: held_existing_draft_and_target_429. Frontend uygulama görevleri, genel algoritma odaklı mevcut pratik sitelerini tamamlayabilir. Mevcut gerçek kurum alıcılı Gmail DRAFT doğrulandı; SENT veya scheduled değildir. Yeni taslak/mesaj çoğaltılmadı; uygunluk kapıları çözülürse mevcut taslak yeniden değerlendirilmelidir. Bu tur gönderim yapılmadı. Üniversite genel duraklatması kaldırıldı; kaydedilen ayrı uygunluk/erişim engelleri sürer.	https://cs.sfsu.edu/career-development-internships-jobs-and-resources
ed.ac.uk	careers.ed.ac.uk	University of Edinburgh interview resources	university_career	https://careers.ed.ac.uk/interviews-and-assessment-centres/before-your-interview	https://frontendatlas.com/machine-coding	form	planned_not_sent		2026-09-19		Official feedback channel identified; university submissions paused Continuation review 2026-09-19: held_channel_activity_and_existing_draft_revalidation. Teknik bölüm anlamlı; ancak doğrulanan kanal genel hizmet geri bildirimi formu, açık dış kaynak editoryal öneri kanalı değil. Formda öğrenci olmayanlar için seçenek ve yorum alanı bulunuyor; bu tek başına ticari kaynağın kabulü değil. Belirli editör ve tarihli yayın faaliyeti doğrulanmadı; eski makine-kodlama taslağının hedefi429. Mevcut gerçek kurum alıcılı Gmail DRAFT doğrulandı; SENT veya scheduled değildir. Yeni taslak/mesaj çoğaltılmadı; uygunluk kapıları çözülürse mevcut taslak yeniden değerlendirilmelidir. Bu tur gönderim yapılmadı. Üniversite genel duraklatması kaldırıldı; kaydedilen ayrı uygunluk/erişim engelleri sürer.	https://careers.ed.ac.uk/interviews-and-assessment-centres/before-your-interview
st-andrews.ac.uk	www.st-andrews.ac.uk	University of St Andrews Interview Skills	university_career	https://www.st-andrews.ac.uk/careers/how-to-apply/interview-skills/	https://frontendatlas.com/guides/interview-blueprint/intro	email	planned_not_sent		2026-09-19		Career resource-page opportunity; university outreach paused Continuation review 2026-09-19: held_existing_draft_and_target_unverified. Teknik mülakat açıklamasına frontend odaklı hazırlık sırası eklenebilir. Mevcut gerçek kurum alıcılı Gmail DRAFT doğrulandı; SENT veya scheduled değildir. Yeni taslak/mesaj çoğaltılmadı; uygunluk kapıları çözülürse mevcut taslak yeniden değerlendirilmelidir. Bu tur gönderim yapılmadı. Üniversite genel duraklatması kaldırıldı; kaydedilen ayrı uygunluk/erişim engelleri sürer.	https://www.st-andrews.ac.uk/careers/how-to-apply/interview-skills/
ox.ac.uk	www.careers.ox.ac.uk	Oxford Careers resources	university_career	https://www.careers.ox.ac.uk/	https://frontendatlas.com/machine-coding	form	deferred		2026-09-19	2026-09-15	University backup candidate; pause through September 15 Continuation review 2026-09-19: held_target_429_and_source_technical_unverified. Frontend işlerine başvuran adaylar için uygulama üretip yaklaşımı açıklamaya dayalı pratik, genel teknik mülakat önerisini somutlaştırabilir. Bu tur gönderim yapılmadı. Üniversite genel duraklatması kaldırıldı; kaydedilen ayrı uygunluk/erişim engelleri sürer.	https://www.careers.ox.ac.uk/
uml.edu	libguides.uml.edu	UMass Lowell CS LibGuide	academic	https://libguides.uml.edu/computerscience	https://frontendatlas.com/machine-coding	form	deferred		2026-09-19	2026-09-15	University backup candidate; pause through September 15 Continuation review 2026-09-19: held_no_specific_fit_and_target_429. Canlı kütüphane araştırma rehberi var, ancak genel araştırma/veritabanı çerçevesi için somut frontend mülakat veya modal hata ayıklama bölümü doğrulanamadı. Bu tur gönderim yapılmadı. Üniversite genel duraklatması kaldırıldı; kaydedilen ayrı uygunluk/erişim engelleri sürer.	https://libguides.uml.edu/computerscience
uni.edu	www.cs.uni.edu	UNI CS 1100 Course Resources	academic	https://www.cs.uni.edu/~wallingf/teaching/cs1100/resources.html	https://frontendatlas.com/coding	email	deferred	2026-08-15	2026-09-19		Academic owner contacted; all university follow-up paused until September 15 History reconciliation 2026-09-19: Verified single SENT was 2026-08-15 to /coding, replacing unsupported 2026-08-18 and /machine-coding attribution. Preserve deferred state. Existing CS1100 Course Resources source is a named-page match retained from the registry; exact historical source URL is unknown because the message did not contain the full donor URL. The source is not a proven historical literal URL. The previous general university pause has been lifted; prior institutional contact still suppresses new outreach. Full Gmail messages and threads were read; SENT and actual institutional recipients verified. This establishes prior contact, not delivery/read/acceptance. Suppress further contact to this institution under the current task; no new send in this historical reconciliation.	https://www.cs.uni.edu/~wallingf/teaching/cs1100/resources.html
ugr.es	masteres.ugr.es	University of Granada Web Systems	academic	https://masteres.ugr.es/ingenieria-informatica/docencia/plan-estudios/guia-docente/M50/56/3/16	https://frontendatlas.com/machine-coding	email	deferred	2026-08-18	2026-08-19	2026-09-15	Academic owner contacted; all university follow-up paused until September 15	https://masteres.ugr.es/ingenieria-informatica/docencia/plan-estudios/guia-docente/M50/56/3/16
udg.edu	www.udg.edu	Universitat de Girona Web Programming	academic	https://www.udg.edu/ca/estudia/Oferta-formativa/Oferta-dassignatures/Detall-assignatura?codia=3105G07033	https://frontendatlas.com/machine-coding	email	deferred	2026-08-18	2026-08-19	2026-09-15	Academic owner contacted; all university follow-up paused until September 15	https://www.udg.edu/ca/estudia/Oferta-formativa/Oferta-dassignatures/Detall-assignatura?codia=3105G07033
unc.edu	cs.unc.edu	UNC CS Technical Interviews	academic	https://cs.unc.edu/student-life/career/technical-interviews/	https://frontendatlas.com/machine-coding	email	deferred	2026-08-18	2026-08-19	2026-09-15	Academic resource owner contacted; follow-up paused until September 15	https://cs.unc.edu/student-life/career/technical-interviews/
colostate.edu	bizcareers.colostate.edu	Colorado State Technical Interview Resources	university_career	https://bizcareers.colostate.edu/resources/preparing-for-technical-interviews/	https://frontendatlas.com/machine-coding	email	deferred	2026-08-18	2026-08-19	2026-09-15	Named career resource owner contacted; follow-up paused until September 15	https://bizcareers.colostate.edu/resources/preparing-for-technical-interviews/
sun.ac.za	www.cs.sun.ac.za	Stellenbosch CS334	academic	https://www.cs.sun.ac.za/courses/cs334/	https://frontendatlas.com/machine-coding	email	contacted	2026-08-18	2026-08-25	2026-09-01	A day-of-send Gmail preflight for a possible React retarget found a verified prior Sent message from 2026-08-18 to the exact official module channel proposing the public Machine Coding resource; no human reply or live FrontendAtlas href is verified; duplicate institutional outreach is suppressed for 90 days and the React message was not sent	https://www.cs.sun.ac.za/courses/cs334/
ntu.edu.sg	www3.ntu.edu.sg	NTU Programming References	academic	https://www3.ntu.edu.sg/home/ehchua/programming/howto/References.html	https://frontendatlas.com/css/trivia/css-position-sticky-not-working	email	contacted	2026-08-18	2026-09-19		Academic candidate has page-age risk; university outreach paused Historical reconciliation 2026-09-19: Tarih sınırsız Gmail kontrolünde 2026-08-18 tarihli gerçek kurum alıcılı SENT mesaj ve konuşması doğrulandı; mesajdaki hedef mevcut frontendatlas_url ile eşleşiyor. Üniversite duraklatması kullanıcı tarafından kaldırıldı, ancak bu kuruma daha önce ulaşılmış olduğundan yeni gönderim yapılmadı. Teslim, yanıt ve canlı bağlantı doğrulanmadı.	https://www3.ntu.edu.sg/home/ehchua/programming/howto/References.html
stlawu.edu	myslu.stlawu.edu	St Lawrence Intro to Web Design	academic	https://myslu.stlawu.edu/~kangstadt/teaching/fall25/3017/lectures.html	https://frontendatlas.com/css/trivia/css-position-sticky-not-working	email	contacted	2026-08-21	2026-08-21	2026-09-04	Optional future-course resource suggestion sent through the verified instructor channel after the user explicitly authorized this pilot; Gmail Sent record verified; publication and a direct followed link remain pending	https://myslu.stlawu.edu/~kangstadt/
washington.edu	courses.cs.washington.edu	UW CSE154	academic	https://courses.cs.washington.edu/courses/cse154/	https://frontendatlas.com/machine-coding	email	deferred		2026-09-19		Only a current owner/page may be used; old 2020 pages remain excluded Continuation review 2026-09-19: held_no_current_specific_placement_and_faculty_target_cap. Kurum ders indeksi en yeni dönem olarak Autumn2025'i gösteriyor. Açılan sayfa kısa karşılama/bağlantı kabuğu; güncel belirli kaynak yerleşimi yok. Bu tur gönderim yapılmadı. Üniversite genel duraklatması kaldırıldı; kaydedilen ayrı uygunluk/erişim engelleri sürer. History reconciliation 2026-09-19: Preserve this CSE154 opportunity host, source, target, deferred state and blank contacted_on; it was not the historical recipient page. A separate verified Career Services SENT on 2026-08-17 through institutional alias uw.edu to /machine-coding is recorded in its own washington.edu institution-root history row. Suppress further contact to University of Washington across washington.edu and uw.edu. No CSE154 send is inferred.	https://courses.cs.washington.edu/courses/cse154/
bucknell.edu	www.bucknell.edu	Bucknell Full Stack Web Development	academic	https://www.bucknell.edu/academics/college-engineering/majors-departments/computer-science	https://frontendatlas.com/machine-coding	email	deferred		2026-09-19	2026-09-15	Academic backup candidate; pause through September 15 Continuation review 2026-09-19: held_faculty_two_open_target_contacts_source_503_and_target_unverified. React'ta yeniden veri yükleyen buton görevi, yanıt sıralaması/race condition açıklamasına gerçek bir ek değer sağlar. Bu tur gönderim yapılmadı. Üniversite genel duraklatması kaldırıldı; kaydedilen ayrı uygunluk/erişim engelleri sürer.	https://www.bucknell.edu/academics/college-engineering/majors-departments/computer-science
utoronto.ca	www.cs.toronto.edu	University of Toronto CSC309	academic	https://www.cs.toronto.edu/~kianoosh/courses/csc309/	https://frontendatlas.com/machine-coding	email	contacted	2026-08-21	2026-09-19		Optional future-course resource suggestion sent to the current CSC309 instructor; Gmail Sent record verified; this distinct faculty-course route was explicitly authorized despite an earlier separate UTM Career Centre contact; publication and a direct followed link remain pending History reconciliation 2026-09-19: The faculty /machine-coding SENT on 2026-08-21 is verified and preserved. A separate earlier UTM career contact on 2026-08-17 to /guides/interview-blueprint/intro is recorded in a new institutional-root history row. The previously authorized faculty exception is not expanded. Suppress utoronto.ca and toronto.edu together. Full Gmail messages and threads were read; SENT and actual institutional recipients verified. This establishes prior contact, not delivery/read/acceptance. Suppress further contact to this institution under the current task; no new send in this historical reconciliation.	https://www.cs.toronto.edu/~kianoosh/courses/csc309/
sjsu.edu	library.sjsu.edu	SJSU Web Accessibility	academic	https://library.sjsu.edu/web-accessibility	https://frontendatlas.com/incidents/modal-screen-reader-failure	email	deferred	2026-08-18	2026-09-06	2026-09-15	Academic resource suggestion verified in Gmail Sent on 2026-08-18; the previous contacted_on date was corrected from the verified send timestamp. Follow-up remains paused until 2026-09-15; preserve deferred state and do not reopen the university queue.	https://library.sjsu.edu/web-accessibility
illinoistech.edu	elevate.iit.edu	Illinois Tech Software Engineering and IT	university_career	https://elevate.iit.edu/channels/software-engineering-information-technology/	https://frontendatlas.com/machine-coding	email	deferred	2026-08-19	2026-08-19	2026-09-15	Career resource suggestion sent; follow-up paused until September 15	https://elevate.iit.edu/channels/software-engineering-information-technology/
k-state.edu	textbooks.cs.ksu.edu	Kansas State Spring 2026 Syllabus	academic	https://textbooks.cs.ksu.edu/cis526/00-forward/06-syllabus/	https://frontendatlas.com/machine-coding	email	deferred	2026-08-18	2026-09-19		Academic resource suggestion sent; follow-up paused until September 15 History reconciliation 2026-09-19: Verified single SENT was 2026-08-18 to /machine-coding, replacing the unsupported 2026-08-19 attribution. Preserve deferred state. Existing CIS526/CC515 Syllabus source is a named-page match retained from the registry; exact historical source URL is unknown because the message did not contain the full donor URL. k-state.edu and ksu.edu are the same institution. The previous general university pause has been lifted; prior institutional contact still suppresses new outreach. Full Gmail messages and threads were read; SENT and actual institutional recipients verified. This establishes prior contact, not delivery/read/acceptance. Suppress further contact to this institution under the current task; no new send in this historical reconciliation.	https://textbooks.cs.ksu.edu/cis526/00-forward/06-syllabus/
dickinson.edu	www.dickinson.edu	Dickinson academic resource page	academic	https://www.dickinson.edu/	https://frontendatlas.com/machine-coding	email	excluded		2026-08-19		Page AS signal belonged to an archive or pagination page rather than the exact resource page	https://www.dickinson.edu/
okstate.edu	go.okstate.edu	Oklahoma State academic resources	academic	https://go.okstate.edu/	https://frontendatlas.com/machine-coding	email	excluded		2026-08-19		Exact URL analysis returned no matching Semrush result	https://go.okstate.edu/
jmu.edu	www.jmu.edu	James Madison University resources	academic	https://www.jmu.edu/	https://frontendatlas.com/machine-coding	email	excluded		2026-08-19		Exact URL analysis returned no matching Semrush result	https://www.jmu.edu/
unt.edu	www.unt.edu	University of North Texas resources	academic	https://www.unt.edu/	https://frontendatlas.com/machine-coding	email	excluded		2026-08-19		Exact URL analysis returned no matching Semrush result	https://www.unt.edu/
uidaho.edu	www.uidaho.edu	University of Idaho resources	academic	https://www.uidaho.edu/	https://frontendatlas.com/machine-coding	email	excluded		2026-08-19		Exact URL analysis returned no matching Semrush result	https://www.uidaho.edu/
msu.edu	msu.edu	Michigan State University resources	academic	https://msu.edu/	https://frontendatlas.com/machine-coding	email	excluded		2026-08-19		Exact URL analysis returned no matching Semrush result	https://msu.edu/
cuny.edu	www.cuny.edu	Known CUNY contacts	university_career	https://www.cuny.edu/current-students/student-affairs/student-services/career-services/	https://frontendatlas.com	email	excluded		2026-08-19		Known prior contacts are intentionally out of scope	https://www.cuny.edu/current-students/student-affairs/student-services/career-services/
cmu.edu	www.cmu.edu	Carnegie Mellon career resources	university_career	https://www.cmu.edu/career/	https://frontendatlas.com	email	deferred		2026-08-19	2026-09-15	Prior institution contact; university outreach paused	https://www.cmu.edu/career/
calvin.edu	calvin.edu	Calvin University career resources	university_career	https://calvin.edu/career	https://frontendatlas.com	email	deferred		2026-08-19	2026-09-15	Prior institution contact; university outreach paused	https://calvin.edu/career
lawrence.edu	www.lawrence.edu	Lawrence University career resources	university_career	https://www.lawrence.edu/offices/career-center	https://frontendatlas.com	email	deferred		2026-08-19	2026-09-15	Prior institution contact; university outreach paused	https://www.lawrence.edu/offices/career-center
tcnj.edu	career.tcnj.edu	TCNJ career resources	university_career	https://career.tcnj.edu/	https://frontendatlas.com	form	deferred		2026-08-19	2026-09-15	Form requires a telephone number; no guessed contact data and university submissions paused	https://career.tcnj.edu/
utk.edu	career.utk.edu	UT Knoxville career resources	university_career	https://career.utk.edu/	https://frontendatlas.com	form	deferred		2026-08-19	2026-09-15	Form requires a telephone number; university submissions paused	https://career.utk.edu/
wfu.edu	career.wfu.edu	Wake Forest career resources	university_career	https://career.wfu.edu/	https://frontendatlas.com	form	deferred		2026-09-20		Form requires a telephone number; university submissions paused University-only reconciliation 2026-09-20: distinct Technology Accessibility guide opportunity was contacted once on 2026-09-19 and is recorded separately. Suppress any further outreach to Wake Forest across departments. This career opportunity itself was not sent; prior telephone/form barrier remains historical.	https://career.wfu.edu/
webaim.org	webaim.org	WebAIM Newsletter contribution	newsletter	https://webaim.org/contact/index?subject=Newsletter+Contribution	https://frontendatlas.com/incidents/modal-screen-reader-failure	form	planned_not_sent		2026-08-19		Approved historical target; no verified submission evidence retained	https://webaim.org/contact/index?subject=Newsletter+Contribution
smashingmagazine.com	www.smashingmagazine.com	Smashing Magazine link suggestion	editorial	https://www.smashingmagazine.com/contact/	https://frontendatlas.com/system-design/infinite-scroll-list	form	planned_not_sent		2026-08-19		Approved historical target; no verified submission evidence retained	https://www.smashingmagazine.com/contact/
w3.org	www.w3.org	W3C Learning CSS	resource_library	https://www.w3.org/Style/CSS/learning.en.html	https://frontendatlas.com/css/trivia/css-position-sticky-not-working	email	contacted	2026-08-18	2026-08-20	2026-09-01	Sent-message evidence verified on 2026-08-20; suggest-a-link outreach was sent on 2026-08-18 and the outcome is pending	https://www.w3.org/Style/CSS/learning.en.html
tympanus.net	tympanus.net	Codrops project submission	editorial	https://tympanus.net/codrops/submit/	https://frontendatlas.com/system-design/ai-agent-run-inspector	form	planned_not_sent		2026-08-19		Approved historical target; no verified submission evidence retained	https://tympanus.net/codrops/submit/
a11yproject.com	www.a11yproject.com	The A11Y Project Resources	open_source_resource	https://www.a11yproject.com/contributing-guidelines/	https://frontendatlas.com/incidents/modal-screen-reader-failure	issue	planned_not_sent		2026-08-20		Followed resource links and the contribution channel were reverified; exact Gmail and public issue or PR checks found no FrontendAtlas submission, but SEO and backlink programs are rejected; hold for a good-faith contribution only after the modal wave; no outreach sent	https://www.a11yproject.com/contributing-guidelines/
rgd.ca	accessability.rgd.ca	RGD AccessAbility Resources	resource_library	https://accessability.rgd.ca/resources/	https://frontendatlas.com/incidents/modal-screen-reader-failure	unknown	closed		2026-08-21		User reports prior outreach, but the delivery channel and date were not independently verified; closed to prevent duplicate outreach and must not be re-queued	https://rgdhub.wufoo.com/forms/submit-a-resource-on-accessible-design
getstark.co	www.getstark.co	Stark accessibility resource library	resource_library	https://www.getstark.co/library/	https://frontendatlas.com/incidents/modal-screen-reader-failure	unknown	closed		2026-08-21		User reports prior outreach, but the delivery channel and date were not independently verified; closed to prevent duplicate outreach and must not be re-queued	https://forms.gle/V15UinvhcEePiJVm7
accessibilityassociation.org	www.accessibilityassociation.org	IAAP Professional Resources	resource_library	https://www.accessibilityassociation.org/iaap-accessibility-professional-resource	https://frontendatlas.com/incidents/modal-screen-reader-failure	form	planned_not_sent		2026-08-20		Free resource submission and followed catalog links were verified, but a separate free account is required; do not create an account without user authorization; no outreach or submission was sent	https://www.accessibilityassociation.org/iaap-accessibility-professional-resource
javascriptweekly.com	javascriptweekly.com	JavaScript Weekly	newsletter	https://javascriptweekly.com/issues/798	https://frontendatlas.com/system-design/infinite-scroll-list	email	planned_not_sent		2026-08-19		Approved editorial suggestion; no verified sent evidence retained	https://javascriptweekly.com/issues/798
a11yweekly.com	a11yweekly.com	Accessibility Weekly Good Links	newsletter	https://a11yweekly.com/good-links/	https://frontendatlas.com/system-design/notification-toast-system	form	planned_not_sent		2026-08-19		IAAP fallback; no verified submission evidence retained	https://a11yweekly.com/good-links/
section508.gov	www.section508.gov	Section508.gov developer resources	resource_library	https://www.section508.gov/develop/software-websites/	https://frontendatlas.com/incidents/modal-screen-reader-failure	email	contacted	2026-08-21	2026-08-21	2026-09-04	Resource suggestion sent through the official contact channel; Gmail Sent record verified; publication and a direct followed link remain pending	https://www.section508.gov/contact-us/
microassist.com	www.microassist.com	Microassist accessibility resources	resource_library	https://www.microassist.com/digital-accessibility/	https://frontendatlas.com/incidents/modal-screen-reader-failure	email	planned_not_sent		2026-08-19		Backup only; editorial fit and channel must be revalidated	https://www.microassist.com/digital-accessibility/
tailwindweekly.com	tailwindweekly.com	Tailwind Weekly	newsletter	https://tailwindweekly.com/	https://frontendatlas.com/css/trivia/css-position-sticky-not-working	email	planned_not_sent		2026-08-19		Backup only; no verified contact evidence retained	https://tailwindweekly.com/
frontendjoy.com	www.frontendjoy.com	FrontendJoy	newsletter	https://www.frontendjoy.com/	https://frontendatlas.com/css/trivia/css-position-sticky-not-working	email	planned_not_sent		2026-08-19		Backup only; no verified contact evidence retained	https://www.frontendjoy.com/
kdnuggets.com	www.kdnuggets.com	KDnuggets system design collection	editorial	https://www.kdnuggets.com/system-design-interview-questions-a-handy-collection	https://frontendatlas.com/guides/system-design-blueprint	form	planned_not_sent		2026-08-19		Stretch resource suggestion; delivery evidence not retained	https://www.kdnuggets.com/system-design-interview-questions-a-handy-collection
sidebar.io	sidebar.io	Sidebar submission	newsletter	https://sidebar.io/submit	https://frontendatlas.com/system-design/infinite-scroll-list	form	planned_not_sent		2026-08-19		Organic single-case submission planned; delivery evidence not retained	https://sidebar.io/submit
css-weekly.com	css-weekly.com	CSS Weekly	newsletter	https://css-weekly.com/contact	https://frontendatlas.com/css/trivia/css-position-sticky-not-working	form	planned_not_sent		2026-08-19		Editorial link form planned; delivery evidence not retained	https://css-weekly.com/contact
frontendfoc.us	frontendfoc.us	Frontend Focus	newsletter	https://frontendfoc.us/	https://frontendatlas.com	email	contacted		2026-08-19		Prior outreach exists; do not contact again without a distinct editorial asset	https://frontendfoc.us/
frontenddogma.com	frontenddogma.com	Frontend Dogma CSS sticky resource	newsletter	https://frontenddogma.com/	https://frontendatlas.com/css/trivia/css-position-sticky-not-working	email	live_link	2026-08-14	2026-08-24	2026-09-05	Current curated homepage contains a contextual direct link to the exact public CSS sticky diagnostic page after a positive human response; duplicate outreach is suppressed Review 2026-09-19 found the FrontendAtlas link on https://frontenddogma.com/ had nofollow. Preserve the live-link history without treating it as a followed backlink; not rechecked during registry consolidation.	https://frontenddogma.com/
console.dev	console.dev	Console.dev	newsletter	https://console.dev/	https://frontendatlas.com	email	human_positive		2026-08-24	2026-09-05	A human response confirmed editorial review; no exact archive page or public FrontendAtlas link has been verified	https://console.dev/
levels.fyi	www.levels.fyi	Levels.fyi resources	directory	https://www.levels.fyi/community/thread/OiyyW5/tiktok-frontend-interview	https://frontendatlas.com	ugc	excluded		2026-08-23		Semrush and live-page checks reconfirmed that the community placement is account-gated UGC with rel nofollow and Page AS 0; a comparable promotional thread is now 404 and noindex, and the terms prohibit unauthorized advertising; permanently excluded with no outreach or posting attempted	https://www.levels.fyi/about/terms.html
leetcode.com	leetcode.com	LeetCode community links	directory	https://leetcode.com/	https://frontendatlas.com	ugc	excluded		2026-08-19		UGC or nofollow-heavy placement does not meet the editorial-link objective	https://leetcode.com/
frontendmentor.io	www.frontendmentor.io	Frontend Mentor community links	directory	https://www.frontendmentor.io/	https://frontendatlas.com	ugc	excluded		2026-08-19		UGC or nofollow-heavy placement does not meet the editorial-link objective	https://www.frontendmentor.io/
hexawow.com	hexawow.com	Hexawow	resource_library	https://hexawow.com/	https://frontendatlas.com	unknown	excluded		2026-08-19		No verified editorial response channel was found	https://hexawow.com/
piccalil.li	piccalil.li	Piccalilli	editorial	https://piccalil.li/	https://frontendatlas.com	editorial_pitch	excluded		2026-08-19		AI-written-content restriction could not be honestly satisfied for a prepared submission	https://piccalil.li/
github.com	github.com	Path to Senior Engineer Handbook	open_source_resource	https://github.com/jordan-cutler/path-to-senior-engineer-handbook	https://frontendatlas.com	pull_request	planned_not_sent		2026-08-19		Second-wave GitHub-only candidate; not actioned	https://github.com/jordan-cutler/path-to-senior-engineer-handbook
interviewguide.dev	interviewguide.dev	InterviewGuide.dev	directory	https://interviewguide.dev/	https://frontendatlas.com	email	excluded		2026-08-19		Affiliate-heavy placement model does not fit the editorial objective	https://interviewguide.dev/
react.statuscode.com	react.statuscode.com	React Status	newsletter	https://react.statuscode.com/issues	https://frontendatlas.com/react/trivia/react-stale-state-closures	newsletter_reply	planned_not_sent		2026-08-19		Approved issue-reply concept; delivery evidence not retained	https://react.statuscode.com/issues
accessibledigitallearning.org	accessibledigitallearning.org	UNICEF Accessible Digital Learning Portal	resource_library	https://accessibledigitallearning.org/submit-resource/	https://frontendatlas.com/incidents/modal-screen-reader-failure	form	planned_not_sent		2026-08-19		Reviewed resource form planned; success evidence not retained	https://accessibledigitallearning.org/submit-resource/
incose.org	www.incose.org	INCOSE Resource Library	resource_library	https://www.incose.org/resources-publications/resources/submit-a-resource/	https://frontendatlas.com/system-design/ai-agent-run-inspector	unknown	closed		2026-08-21		User reports prior outreach, but the delivery channel and date were not independently verified; closed to prevent duplicate outreach and must not be re-queued	https://www.incose.org/resources-publications/resources/submit-a-resource/
betterdev.link	betterdev.link	BetterDev.Link	newsletter	https://betterdev.link/issues	https://frontendatlas.com/system-design/infinite-scroll-list	email	planned_not_sent		2026-08-19		Approved newsletter suggestion; delivery evidence not retained	https://betterdev.link/issues
webcurios.co.uk	webcurios.co.uk	Web Curios	newsletter	https://webcurios.co.uk/contact/	https://frontendatlas.com/system-design/ai-agent-run-inspector	email	planned_not_sent		2026-08-19		Approved interactive-project suggestion; delivery evidence not retained	https://webcurios.co.uk/contact/
frontendplanet.com	www.frontendplanet.com	Frontend Planet Modern CSS Learning Resources	resource_library	https://www.frontendplanet.com/modern-css-learning-resources/	https://frontendatlas.com/css/trivia/css-position-sticky-not-working	email	scheduled		2026-08-20	2026-08-26	Gmail schedule verified for 2026-08-26; exclude from the new queue and do not create duplicate outreach	https://www.frontendplanet.com/modern-css-learning-resources/
densediscovery.com	www.densediscovery.com	Dense Discovery	newsletter	https://www.densediscovery.com/issues/	https://frontendatlas.com/system-design/ai-agent-run-inspector	email	planned_not_sent		2026-08-19		Organic editorial channel only; reject any paid-placement offer	https://www.densediscovery.com/issues/
a11y-toolbox.com	a11y-toolbox.com	A11y Toolbox accessibility courses	resource_library	https://a11y-toolbox.com/category/course/	https://frontendatlas.com/incidents/modal-screen-reader-failure	email	contacted	2026-08-28	2026-09-06		Originally scheduled for 2026-08-28; a date-unrestricted Gmail Sent audit verified that the resource suggestion was sent on 2026-08-28. Keep excluded from new outreach; no duplicate message. Publication, editorial acceptance, and a direct link remain unverified.	https://a11y-toolbox.com/category/course/
sigaccess.org	www.sigaccess.org	ACM SIGACCESS Resources	resource_library	https://www.sigaccess.org/welcome-to-sigaccess/resources/	https://frontendatlas.com/incidents/modal-screen-reader-failure	email	contacted	2026-08-28	2026-09-06		Originally scheduled for 2026-08-28; a date-unrestricted Gmail Sent audit verified the SIGACCESS resource suggestion was sent on 2026-08-28 through the official ACM-domain (acm.org) recipient route. Preserve the SIGACCESS resource opportunity identity and exclude both publisher aliases from duplicate outreach. Publication, editorial acceptance, and a direct link remain unverified.	https://www.sigaccess.org/welcome-to-sigaccess/resources/
employersforchange.ie	wide.employersforchange.ie	WIDE Resource Library	resource_library	https://wide.employersforchange.ie/resource-library/	https://frontendatlas.com/incidents/modal-screen-reader-failure	unknown	closed		2026-08-21		User reports prior outreach, but the delivery channel and date were not independently verified; closed to prevent duplicate outreach and must not be re-queued	https://wide.employersforchange.ie/resource-library/
diversifytech.com	airtable.com	Diversify Tech resources	resource_library	https://airtable.com/shrWvRLZTWFfOKCRo	https://frontendatlas.com/machine-coding	form	planned_not_sent		2026-08-19		Backup form; not actioned	https://airtable.com/shrWvRLZTWFfOKCRo
frontendatscale.com	frontendatscale.com	Frontend at Scale	newsletter	https://frontendatscale.com/issues/	https://frontendatlas.com/system-design/infinite-scroll-list	email	planned_not_sent		2026-08-19		Backup newsletter; not actioned	https://frontendatscale.com/issues/
developer.mozilla.org	developer.mozilla.org	MDN Accessibility Tooling	open_source_resource	https://developer.mozilla.org/en-US/docs/Learn_web_development/Core/Accessibility/Tooling	https://frontendatlas.com/incidents/modal-screen-reader-failure	issue	human_negative	2026-08-18	2026-09-01		Public issue 45221 was opened and the maintainer responded positively to the applied-exercise concept but explicitly preferred integrating original MDN content instead of linking to another site; the issue may continue as a link-free documentation contribution, while the FrontendAtlas backlink opportunity is rejected and suppressed	https://github.com/mdn/content/issues/45221#issuecomment-5491974489
beehiiv.com	importreact.beehiiv.com	Import React	newsletter	https://importreact.beehiiv.com/p/master-react-interviews	https://frontendatlas.com/react/trivia/react-stale-state-closures	form	planned_not_sent		2026-08-19		Resource suggestion prepared; delivery evidence needs verification	https://importreact.beehiiv.com/p/master-react-interviews
caniuse.com	caniuse.com	Can I Use CSS Sticky	open_source_data	https://caniuse.com/css-sticky	https://frontendatlas.com/css/trivia/css-position-sticky-not-working	pull_request	submitted	2026-08-19	2026-09-19		Validated data-only change opened as an upstream draft PR; generated data was not edited Execution 2026-09-19: PR #7562 kullanıcı yetkisiyle ready for review yapıldı. draft=false/open ve değişmeyen head SHA bağımsız GitHub okumasıyla doğrulandı. Connector mutation yetki eksikliği, aynı MuslumYilmaz kimliğine bağlı gh CLI ile çözüldü. Önceki CI çalıştırma onayı beklerken süresi dolmuş (0 job); test başarısı iddia edilmedi. Hedefin güncel anonim erişimi HTTP429 nedeniyle doğrulanamadı. Merge/canlı backlink yok.	https://github.com/Fyrd/caniuse/pull/7562
creativebloq.com	www.creativebloq.com	Creative Bloq project submission	editorial	https://www.creativebloq.com/features/about-us	https://frontendatlas.com/system-design/ai-agent-run-inspector	email	contacted	2026-08-19	2026-08-19	2026-09-02	Project submission sent without attachments and verified in Sent	https://www.creativebloq.com/features/about-us
infoworld.com	www.infoworld.com	InfoWorld Expert Contributor Network	editorial	https://www.infoworld.com/expert-contributor-network/	https://frontendatlas.com/system-design/ai-agent-run-inspector	editorial_pitch	contacted	2026-08-19	2026-08-19	2026-09-02	Working title and short synopsis sent; full article waits for editor interest	https://www.infoworld.com/expert-contributor-network/
tutsplus.com	tutsplus.com	Envato Tuts Plus Teach	editorial	https://tutsplus.com/teach	https://frontendatlas.com/css/trivia/css-position-sticky-not-working	form	submitted	2026-08-19	2026-08-19		Written Web Design tutorial application submitted; visible success message verified	https://tutsplus.com/teach
acm.org	interactions.acm.org	ACM Interactions Blog	editorial	https://interactions.acm.org/submissions	https://frontendatlas.com/system-design/notification-toast-system	form	deferred		2026-08-19		Awaiting explicit data-storage consent and a human-authored complete manuscript; nothing submitted	https://interactions.acm.org/submissions
uxmag.com	uxmag.com	UX Magazine contributor channel	editorial	https://uxmag.com/contribute	https://frontendatlas.com/system-design/ai-agent-run-inspector	editorial_pitch	planned_not_sent		2026-08-19		Reserve after ACM Interactions; do not submit the same article simultaneously	https://uxmag.com/contribute
uxmatters.com	www.uxmatters.com	UXmatters contributor channel	editorial	https://www.uxmatters.com/contributors/guidelines.php	https://frontendatlas.com/system-design/notification-toast-system	editorial_pitch	planned_not_sent		2026-08-19		Reserve requiring a complete original draft; no simultaneous submission	https://www.uxmatters.com/contributors/guidelines.php
fastcompany.com	www.fastcompany.com	Fast Company contributor channel	editorial	https://www.fastcompany.com/	https://frontendatlas.com/system-design/ai-agent-run-inspector	editorial_pitch	planned_not_sent		2026-08-19		Low-probability reserve requiring a complete human-authored draft	https://www.fastcompany.com/
goodaitools.com	goodaitools.com	goodaitools.com Semrush snapshot	referring_domain_snapshot	https://goodaitools.com/	https://frontendatlas.com	semrush_snapshot	existing_ref_domain		2026-08-19		Active Semrush referring domain snapshot; exact source URL not backfilled	https://www.semrush.com/analytics/refdomains/report/?q=frontendatlas.com&searchType=domain
illinois.edu	illinois.edu	illinois.edu Semrush snapshot	referring_domain_snapshot	https://illinois.edu/	https://frontendatlas.com	semrush_snapshot	existing_ref_domain		2026-08-19		Active Semrush referring domain snapshot; exact source URL not backfilled	https://www.semrush.com/analytics/refdomains/report/?q=frontendatlas.com&searchType=domain
hekko24.pl	hekko24.pl	hekko24.pl Semrush snapshot	referring_domain_snapshot	https://hekko24.pl/	https://frontendatlas.com	semrush_snapshot	existing_ref_domain		2026-08-19		Active Semrush referring domain snapshot; exact source URL not backfilled	https://www.semrush.com/analytics/refdomains/report/?q=frontendatlas.com&searchType=domain
bluecantera.com	bluecantera.com	bluecantera.com Semrush snapshot	referring_domain_snapshot	https://bluecantera.com/	https://frontendatlas.com	semrush_snapshot	existing_ref_domain		2026-08-19		Active Semrush referring domain snapshot; exact source URL not backfilled	https://www.semrush.com/analytics/refdomains/report/?q=frontendatlas.com&searchType=domain
loiscuby.fr	loiscuby.fr	Lois Cuby technology-watch link	referring_domain_snapshot	https://loiscuby.fr/	https://frontendatlas.com	email	existing_ref_domain		2026-08-24	2026-09-05	A human response reported an addition and the domain appeared in an active referring-domain snapshot, but the exact current donor URL, href, rel, and canonical could not be reverified; do not promote to live_link	https://www.semrush.com/analytics/refdomains/report/?q=frontendatlas.com&searchType=domain
mcpmarkets.com	mcpmarkets.com	mcpmarkets.com Semrush snapshot	referring_domain_snapshot	https://mcpmarkets.com/	https://frontendatlas.com	semrush_snapshot	existing_ref_domain		2026-08-19		Active Semrush referring domain snapshot; exact source URL not backfilled	https://www.semrush.com/analytics/refdomains/report/?q=frontendatlas.com&searchType=domain
dev.to	dev.to	dev.to Semrush snapshot	referring_domain_snapshot	https://dev.to/	https://frontendatlas.com	semrush_snapshot	existing_ref_domain		2026-08-19		Active Semrush referring domain snapshot; exact source URL not backfilled	https://www.semrush.com/analytics/refdomains/report/?q=frontendatlas.com&searchType=domain
lydiaroyrealestate.com	lydiaroyrealestate.com	lydiaroyrealestate.com Semrush snapshot	referring_domain_snapshot	https://lydiaroyrealestate.com/	https://frontendatlas.com	semrush_snapshot	existing_ref_domain		2026-08-19		Active Semrush referring domain snapshot; exact source URL not backfilled	https://www.semrush.com/analytics/refdomains/report/?q=frontendatlas.com&searchType=domain
freetool.vercel.app	freetool.vercel.app	freetool.vercel.app Semrush snapshot	referring_domain_snapshot	https://freetool.vercel.app/	https://frontendatlas.com	semrush_snapshot	existing_ref_domain		2026-08-19		Active Semrush referring domain snapshot; exact source URL not backfilled	https://www.semrush.com/analytics/refdomains/report/?q=frontendatlas.com&searchType=domain
lawyerinjeddah.com	lawyerinjeddah.com	lawyerinjeddah.com Semrush snapshot	referring_domain_snapshot	https://lawyerinjeddah.com/	https://frontendatlas.com	semrush_snapshot	existing_ref_domain		2026-08-19		Active Semrush referring domain snapshot; exact source URL not backfilled	https://www.semrush.com/analytics/refdomains/report/?q=frontendatlas.com&searchType=domain
substack.com	substack.com	substack.com Semrush snapshot	referring_domain_snapshot	https://substack.com/	https://frontendatlas.com	semrush_snapshot	existing_ref_domain		2026-08-19		Active Semrush referring domain snapshot; exact source URL not backfilled	https://www.semrush.com/analytics/refdomains/report/?q=frontendatlas.com&searchType=domain
webtoolsweekly.com	webtoolsweekly.com	webtoolsweekly.com Semrush snapshot	referring_domain_snapshot	https://webtoolsweekly.com/	https://frontendatlas.com	semrush_snapshot	existing_ref_domain		2026-08-19		Active Semrush referring domain snapshot; exact source URL not backfilled	https://www.semrush.com/analytics/refdomains/report/?q=frontendatlas.com&searchType=domain
8coint.com	8coint.com	8coint.com Semrush snapshot	referring_domain_snapshot	https://8coint.com/	https://frontendatlas.com	semrush_snapshot	existing_ref_domain		2026-08-19		Active Semrush referring domain snapshot; exact source URL not backfilled	https://www.semrush.com/analytics/refdomains/report/?q=frontendatlas.com&searchType=domain
analyticshaven.top	analyticshaven.top	analyticshaven.top Semrush snapshot	referring_domain_snapshot	https://analyticshaven.top/	https://frontendatlas.com	semrush_snapshot	existing_ref_domain		2026-08-19		Active Semrush referring domain snapshot; exact source URL not backfilled	https://www.semrush.com/analytics/refdomains/report/?q=frontendatlas.com&searchType=domain
anchorurl.cloud	anchorurl.cloud	anchorurl.cloud Semrush snapshot	referring_domain_snapshot	https://anchorurl.cloud/	https://frontendatlas.com	semrush_snapshot	existing_ref_domain		2026-08-19		Active Semrush referring domain snapshot; exact source URL not backfilled	https://www.semrush.com/analytics/refdomains/report/?q=frontendatlas.com&searchType=domain
automationpanda.com	automationpanda.com	automationpanda.com Semrush snapshot	referring_domain_snapshot	https://automationpanda.com/	https://frontendatlas.com	semrush_snapshot	existing_ref_domain		2026-08-19		Active Semrush referring domain snapshot; exact source URL not backfilled	https://www.semrush.com/analytics/refdomains/report/?q=frontendatlas.com&searchType=domain
backlinks-checker.com	backlinks-checker.com	backlinks-checker.com Semrush snapshot	referring_domain_snapshot	https://backlinks-checker.com/	https://frontendatlas.com	semrush_snapshot	existing_ref_domain		2026-08-19		Active Semrush referring domain snapshot; exact source URL not backfilled	https://www.semrush.com/analytics/refdomains/report/?q=frontendatlas.com&searchType=domain
fallowlone.com	fallowlone.com	fallowlone.com Semrush snapshot	referring_domain_snapshot	https://fallowlone.com/	https://frontendatlas.com	semrush_snapshot	existing_ref_domain		2026-08-19		Active Semrush referring domain snapshot; exact source URL not backfilled	https://www.semrush.com/analytics/refdomains/report/?q=frontendatlas.com&searchType=domain
libyanatravel.com	libyanatravel.com	libyanatravel.com Semrush snapshot	referring_domain_snapshot	https://libyanatravel.com/	https://frontendatlas.com	semrush_snapshot	existing_ref_domain		2026-08-19		Active Semrush referring domain snapshot; exact source URL not backfilled	https://www.semrush.com/analytics/refdomains/report/?q=frontendatlas.com&searchType=domain
m98ufa.com	m98ufa.com	m98ufa.com Semrush snapshot	referring_domain_snapshot	https://m98ufa.com/	https://frontendatlas.com	semrush_snapshot	existing_ref_domain		2026-08-19		Active Semrush referring domain snapshot; exact source URL not backfilled	https://www.semrush.com/analytics/refdomains/report/?q=frontendatlas.com&searchType=domain
plumeriamarketing.com	plumeriamarketing.com	plumeriamarketing.com Semrush snapshot	referring_domain_snapshot	https://plumeriamarketing.com/	https://frontendatlas.com	semrush_snapshot	existing_ref_domain		2026-08-19		Active Semrush referring domain snapshot; exact source URL not backfilled	https://www.semrush.com/analytics/refdomains/report/?q=frontendatlas.com&searchType=domain
screenshots.wiki	screenshots.wiki	screenshots.wiki Semrush snapshot	referring_domain_snapshot	https://screenshots.wiki/	https://frontendatlas.com	semrush_snapshot	existing_ref_domain		2026-08-19		Active Semrush referring domain snapshot; exact source URL not backfilled	https://www.semrush.com/analytics/refdomains/report/?q=frontendatlas.com&searchType=domain
thetarotalk.com	thetarotalk.com	thetarotalk.com Semrush snapshot	referring_domain_snapshot	https://thetarotalk.com/	https://frontendatlas.com	semrush_snapshot	existing_ref_domain		2026-08-19		Active Semrush referring domain snapshot; exact source URL not backfilled	https://www.semrush.com/analytics/refdomains/report/?q=frontendatlas.com&searchType=domain
tooldirs.com	tooldirs.com	tooldirs.com Semrush snapshot	referring_domain_snapshot	https://tooldirs.com/	https://frontendatlas.com	semrush_snapshot	existing_ref_domain		2026-08-19		Active Semrush referring domain snapshot; exact source URL not backfilled	https://www.semrush.com/analytics/refdomains/report/?q=frontendatlas.com&searchType=domain
toplikevideo.com	toplikevideo.com	toplikevideo.com Semrush snapshot	referring_domain_snapshot	https://toplikevideo.com/	https://frontendatlas.com	semrush_snapshot	existing_ref_domain		2026-08-19		Active Semrush referring domain snapshot; exact source URL not backfilled	https://www.semrush.com/analytics/refdomains/report/?q=frontendatlas.com&searchType=domain
yanai-ke.com	yanai-ke.com	yanai-ke.com Semrush snapshot	referring_domain_snapshot	https://yanai-ke.com/	https://frontendatlas.com	semrush_snapshot	existing_ref_domain		2026-08-19		Active Semrush referring domain snapshot; exact source URL not backfilled	https://www.semrush.com/analytics/refdomains/report/?q=frontendatlas.com&searchType=domain
agroinsursas.com	agroinsursas.com	agroinsursas.com Semrush snapshot	referring_domain_snapshot	https://agroinsursas.com/	https://frontendatlas.com	semrush_snapshot	existing_ref_domain		2026-08-19		Active Semrush referring domain snapshot; exact source URL not backfilled	https://www.semrush.com/analytics/refdomains/report/?q=frontendatlas.com&searchType=domain
alazharcilacap.sch.id	alazharcilacap.sch.id	alazharcilacap.sch.id Semrush snapshot	referring_domain_snapshot	https://alazharcilacap.sch.id/	https://frontendatlas.com	semrush_snapshot	existing_ref_domain		2026-08-19		Active Semrush referring domain snapshot; exact source URL not backfilled	https://www.semrush.com/analytics/refdomains/report/?q=frontendatlas.com&searchType=domain
ateliereleaurorei.ro	ateliereleaurorei.ro	ateliereleaurorei.ro Semrush snapshot	referring_domain_snapshot	https://ateliereleaurorei.ro/	https://frontendatlas.com	semrush_snapshot	existing_ref_domain		2026-08-19		Active Semrush referring domain snapshot; exact source URL not backfilled	https://www.semrush.com/analytics/refdomains/report/?q=frontendatlas.com&searchType=domain
atomizelink.icu	atomizelink.icu	atomizelink.icu Semrush snapshot	referring_domain_snapshot	https://atomizelink.icu/	https://frontendatlas.com	semrush_snapshot	existing_ref_domain		2026-08-19		Active Semrush referring domain snapshot; exact source URL not backfilled	https://www.semrush.com/analytics/refdomains/report/?q=frontendatlas.com&searchType=domain
bitbuzz.org	bitbuzz.org	bitbuzz.org Semrush snapshot	referring_domain_snapshot	https://bitbuzz.org/	https://frontendatlas.com	semrush_snapshot	existing_ref_domain		2026-08-19		Active Semrush referring domain snapshot; exact source URL not backfilled	https://www.semrush.com/analytics/refdomains/report/?q=frontendatlas.com&searchType=domain
blogsphere.top	blogsphere.top	blogsphere.top Semrush snapshot	referring_domain_snapshot	https://blogsphere.top/	https://frontendatlas.com	semrush_snapshot	existing_ref_domain		2026-08-19		Active Semrush referring domain snapshot; exact source URL not backfilled	https://www.semrush.com/analytics/refdomains/report/?q=frontendatlas.com&searchType=domain
buzzshrink.website	buzzshrink.website	buzzshrink.website Semrush snapshot	referring_domain_snapshot	https://buzzshrink.website/	https://frontendatlas.com	semrush_snapshot	existing_ref_domain		2026-08-19		Active Semrush referring domain snapshot; exact source URL not backfilled	https://www.semrush.com/analytics/refdomains/report/?q=frontendatlas.com&searchType=domain
bye.fyi	bye.fyi	bye.fyi Semrush snapshot	referring_domain_snapshot	https://bye.fyi/	https://frontendatlas.com	semrush_snapshot	existing_ref_domain		2026-08-19		Active Semrush referring domain snapshot; exact source URL not backfilled	https://www.semrush.com/analytics/refdomains/report/?q=frontendatlas.com&searchType=domain
capetownthing.co.za	capetownthing.co.za	capetownthing.co.za Semrush snapshot	referring_domain_snapshot	https://capetownthing.co.za/	https://frontendatlas.com	semrush_snapshot	existing_ref_domain		2026-08-19		Active Semrush referring domain snapshot; exact source URL not backfilled	https://www.semrush.com/analytics/refdomains/report/?q=frontendatlas.com&searchType=domain
cbc.edu	cbc.edu	cbc.edu Semrush snapshot	referring_domain_snapshot	https://cbc.edu/	https://frontendatlas.com	semrush_snapshot	existing_ref_domain		2026-08-19		Active Semrush referring domain snapshot; exact source URL not backfilled	https://www.semrush.com/analytics/refdomains/report/?q=frontendatlas.com&searchType=domain
context-awesome.com	context-awesome.com	context-awesome.com Semrush snapshot	referring_domain_snapshot	https://context-awesome.com/	https://frontendatlas.com	semrush_snapshot	existing_ref_domain		2026-08-19		Active Semrush referring domain snapshot; exact source URL not backfilled	https://www.semrush.com/analytics/refdomains/report/?q=frontendatlas.com&searchType=domain
creativeposts.top	creativeposts.top	creativeposts.top Semrush snapshot	referring_domain_snapshot	https://creativeposts.top/	https://frontendatlas.com	semrush_snapshot	existing_ref_domain		2026-08-19		Active Semrush referring domain snapshot; exact source URL not backfilled	https://www.semrush.com/analytics/refdomains/report/?q=frontendatlas.com&searchType=domain
crunch.id	crunch.id	crunch.id Semrush snapshot	referring_domain_snapshot	https://crunch.id/	https://frontendatlas.com	semrush_snapshot	existing_ref_domain		2026-08-19		Active Semrush referring domain snapshot; exact source URL not backfilled	https://www.semrush.com/analytics/refdomains/report/?q=frontendatlas.com&searchType=domain
dailymusings.top	dailymusings.top	dailymusings.top Semrush snapshot	referring_domain_snapshot	https://dailymusings.top/	https://frontendatlas.com	semrush_snapshot	existing_ref_domain		2026-08-19		Active Semrush referring domain snapshot; exact source URL not backfilled	https://www.semrush.com/analytics/refdomains/report/?q=frontendatlas.com&searchType=domain
dcoutesnjacob.com	dcoutesnjacob.com	dcoutesnjacob.com Semrush snapshot	referring_domain_snapshot	https://dcoutesnjacob.com/	https://frontendatlas.com	semrush_snapshot	existing_ref_domain		2026-08-19		Active Semrush referring domain snapshot; exact source URL not backfilled	https://www.semrush.com/analytics/refdomains/report/?q=frontendatlas.com&searchType=domain
devxperiences.com	devxperiences.com	devxperiences.com Semrush snapshot	referring_domain_snapshot	https://devxperiences.com/	https://frontendatlas.com	semrush_snapshot	existing_ref_domain		2026-08-19		Active Semrush referring domain snapshot; exact source URL not backfilled	https://www.semrush.com/analytics/refdomains/report/?q=frontendatlas.com&searchType=domain
devzery.com	devzery.com	devzery.com Semrush snapshot	referring_domain_snapshot	https://devzery.com/	https://frontendatlas.com	semrush_snapshot	existing_ref_domain		2026-08-19		Active Semrush referring domain snapshot; exact source URL not backfilled	https://www.semrush.com/analytics/refdomains/report/?q=frontendatlas.com&searchType=domain
domaindexer.com	domaindexer.com	domaindexer.com Semrush snapshot	referring_domain_snapshot	https://domaindexer.com/	https://frontendatlas.com	semrush_snapshot	existing_ref_domain		2026-08-19		Active Semrush referring domain snapshot; exact source URL not backfilled	https://www.semrush.com/analytics/refdomains/report/?q=frontendatlas.com&searchType=domain
domraider.eu.com	domraider.eu.com	domraider.eu.com Semrush snapshot	referring_domain_snapshot	https://domraider.eu.com/	https://frontendatlas.com	semrush_snapshot	existing_ref_domain		2026-08-19		Active Semrush referring domain snapshot; exact source URL not backfilled	https://www.semrush.com/analytics/refdomains/report/?q=frontendatlas.com&searchType=domain
domraider.gb.net	domraider.gb.net	domraider.gb.net Semrush snapshot	referring_domain_snapshot	https://domraider.gb.net/	https://frontendatlas.com	semrush_snapshot	existing_ref_domain		2026-08-19		Active Semrush referring domain snapshot; exact source URL not backfilled	https://www.semrush.com/analytics/refdomains/report/?q=frontendatlas.com&searchType=domain
domraider.it.com	domraider.it.com	domraider.it.com Semrush snapshot	referring_domain_snapshot	https://domraider.it.com/	https://frontendatlas.com	semrush_snapshot	existing_ref_domain		2026-08-19		Active Semrush referring domain snapshot; exact source URL not backfilled	https://www.semrush.com/analytics/refdomains/report/?q=frontendatlas.com&searchType=domain
eliotzigmundjazz.com	eliotzigmundjazz.com	eliotzigmundjazz.com Semrush snapshot	referring_domain_snapshot	https://eliotzigmundjazz.com/	https://frontendatlas.com	semrush_snapshot	existing_ref_domain		2026-08-19		Active Semrush referring domain snapshot; exact source URL not backfilled	https://www.semrush.com/analytics/refdomains/report/?q=frontendatlas.com&searchType=domain
evilapples.com	evilapples.com	evilapples.com Semrush snapshot	referring_domain_snapshot	https://evilapples.com/	https://frontendatlas.com	semrush_snapshot	existing_ref_domain		2026-08-19		Active Semrush referring domain snapshot; exact source URL not backfilled	https://www.semrush.com/analytics/refdomains/report/?q=frontendatlas.com&searchType=domain
fiverr-seo-for-business-growth.site	fiverr-seo-for-business-growth.site	fiverr-seo-for-business-growth.site Semrush snapshot	referring_domain_snapshot	https://fiverr-seo-for-business-growth.site/	https://frontendatlas.com	semrush_snapshot	existing_ref_domain		2026-08-19		Active Semrush referring domain snapshot; exact source URL not backfilled	https://www.semrush.com/analytics/refdomains/report/?q=frontendatlas.com&searchType=domain
frontend-resources-demo.vercel.app	frontend-resources-demo.vercel.app	frontend-resources-demo.vercel.app Semrush snapshot	referring_domain_snapshot	https://frontend-resources-demo.vercel.app/	https://frontendatlas.com	semrush_snapshot	existing_ref_domain		2026-08-19		Active Semrush referring domain snapshot; exact source URL not backfilled	https://www.semrush.com/analytics/refdomains/report/?q=frontendatlas.com&searchType=domain
fuseworkspace.com	fuseworkspace.com	fuseworkspace.com Semrush snapshot	referring_domain_snapshot	https://fuseworkspace.com/	https://frontendatlas.com	semrush_snapshot	existing_ref_domain		2026-08-19		Active Semrush referring domain snapshot; exact source URL not backfilled	https://www.semrush.com/analytics/refdomains/report/?q=frontendatlas.com&searchType=domain
galvestonnavalmuseum.com	galvestonnavalmuseum.com	galvestonnavalmuseum.com Semrush snapshot	referring_domain_snapshot	https://galvestonnavalmuseum.com/	https://frontendatlas.com	semrush_snapshot	existing_ref_domain		2026-08-19		Active Semrush referring domain snapshot; exact source URL not backfilled	https://www.semrush.com/analytics/refdomains/report/?q=frontendatlas.com&searchType=domain
github.com	github.com	github.com Semrush snapshot	referring_domain_snapshot	https://github.com/	https://frontendatlas.com	semrush_snapshot	existing_ref_domain		2026-08-19		Active Semrush referring domain snapshot; exact source URL not backfilled	https://www.semrush.com/analytics/refdomains/report/?q=frontendatlas.com&searchType=domain
gitrepotrend.com	gitrepotrend.com	gitrepotrend.com Semrush snapshot	referring_domain_snapshot	https://gitrepotrend.com/	https://frontendatlas.com	semrush_snapshot	existing_ref_domain		2026-08-19		Active Semrush referring domain snapshot; exact source URL not backfilled	https://www.semrush.com/analytics/refdomains/report/?q=frontendatlas.com&searchType=domain
grapevine.in	grapevine.in	grapevine.in Semrush snapshot	referring_domain_snapshot	https://grapevine.in/	https://frontendatlas.com	semrush_snapshot	existing_ref_domain		2026-08-19		Active Semrush referring domain snapshot; exact source URL not backfilled	https://www.semrush.com/analytics/refdomains/report/?q=frontendatlas.com&searchType=domain
greattraveladvisor.com	greattraveladvisor.com	greattraveladvisor.com Semrush snapshot	referring_domain_snapshot	https://greattraveladvisor.com/	https://frontendatlas.com	semrush_snapshot	existing_ref_domain		2026-08-19		Active Semrush referring domain snapshot; exact source URL not backfilled	https://www.semrush.com/analytics/refdomains/report/?q=frontendatlas.com&searchType=domain
harbus.org	harbus.org	harbus.org Semrush snapshot	referring_domain_snapshot	https://harbus.org/	https://frontendatlas.com	semrush_snapshot	existing_ref_domain		2026-08-19		Active Semrush referring domain snapshot; exact source URL not backfilled	https://www.semrush.com/analytics/refdomains/report/?q=frontendatlas.com&searchType=domain
harian24.com	harian24.com	harian24.com Semrush snapshot	referring_domain_snapshot	https://harian24.com/	https://frontendatlas.com	semrush_snapshot	existing_ref_domain		2026-08-19		Active Semrush referring domain snapshot; exact source URL not backfilled	https://www.semrush.com/analytics/refdomains/report/?q=frontendatlas.com&searchType=domain
hwnerds.com	hwnerds.com	hwnerds.com Semrush snapshot	referring_domain_snapshot	https://hwnerds.com/	https://frontendatlas.com	semrush_snapshot	existing_ref_domain		2026-08-19		Active Semrush referring domain snapshot; exact source URL not backfilled	https://www.semrush.com/analytics/refdomains/report/?q=frontendatlas.com&searchType=domain
impressivewebs.com	impressivewebs.com	impressivewebs.com Semrush snapshot	referring_domain_snapshot	https://impressivewebs.com/	https://frontendatlas.com	semrush_snapshot	existing_ref_domain		2026-08-19		Active Semrush referring domain snapshot; exact source URL not backfilled	https://www.semrush.com/analytics/refdomains/report/?q=frontendatlas.com&searchType=domain
innolope.com	innolope.com	innolope.com Semrush snapshot	referring_domain_snapshot	https://innolope.com/	https://frontendatlas.com	semrush_snapshot	existing_ref_domain		2026-08-19		Active Semrush referring domain snapshot; exact source URL not backfilled	https://www.semrush.com/analytics/refdomains/report/?q=frontendatlas.com&searchType=domain
keirseybooks.com	keirseybooks.com	keirseybooks.com Semrush snapshot	referring_domain_snapshot	https://keirseybooks.com/	https://frontendatlas.com	semrush_snapshot	existing_ref_domain		2026-08-19		Active Semrush referring domain snapshot; exact source URL not backfilled	https://www.semrush.com/analytics/refdomains/report/?q=frontendatlas.com&searchType=domain
master.dev	master.dev	master.dev Semrush snapshot	referring_domain_snapshot	https://master.dev/	https://frontendatlas.com	semrush_snapshot	existing_ref_domain		2026-08-19		Active Semrush referring domain snapshot; exact source URL not backfilled	https://www.semrush.com/analytics/refdomains/report/?q=frontendatlas.com&searchType=domain
medidocs.com	medidocs.com	medidocs.com Semrush snapshot	referring_domain_snapshot	https://medidocs.com/	https://frontendatlas.com	semrush_snapshot	existing_ref_domain		2026-08-19		Active Semrush referring domain snapshot; exact source URL not backfilled	https://www.semrush.com/analytics/refdomains/report/?q=frontendatlas.com&searchType=domain
nklegal.com	nklegal.com	nklegal.com Semrush snapshot	referring_domain_snapshot	https://nklegal.com/	https://frontendatlas.com	semrush_snapshot	existing_ref_domain		2026-08-19		Active Semrush referring domain snapshot; exact source URL not backfilled	https://www.semrush.com/analytics/refdomains/report/?q=frontendatlas.com&searchType=domain
onlineshoppingidea.com	onlineshoppingidea.com	onlineshoppingidea.com Semrush snapshot	referring_domain_snapshot	https://onlineshoppingidea.com/	https://frontendatlas.com	semrush_snapshot	existing_ref_domain		2026-08-19		Active Semrush referring domain snapshot; exact source URL not backfilled	https://www.semrush.com/analytics/refdomains/report/?q=frontendatlas.com&searchType=domain
optimizeflow.top	optimizeflow.top	optimizeflow.top Semrush snapshot	referring_domain_snapshot	https://optimizeflow.top/	https://frontendatlas.com	semrush_snapshot	existing_ref_domain		2026-08-19		Active Semrush referring domain snapshot; exact source URL not backfilled	https://www.semrush.com/analytics/refdomains/report/?q=frontendatlas.com&searchType=domain
plainenglish.io	plainenglish.io	plainenglish.io Semrush snapshot	referring_domain_snapshot	https://plainenglish.io/	https://frontendatlas.com	semrush_snapshot	existing_ref_domain		2026-08-19		Active Semrush referring domain snapshot; exact source URL not backfilled	https://www.semrush.com/analytics/refdomains/report/?q=frontendatlas.com&searchType=domain
project-awesome.org	project-awesome.org	project-awesome.org Semrush snapshot	referring_domain_snapshot	https://project-awesome.org/	https://frontendatlas.com	semrush_snapshot	existing_ref_domain		2026-08-19		Active Semrush referring domain snapshot; exact source URL not backfilled	https://www.semrush.com/analytics/refdomains/report/?q=frontendatlas.com&searchType=domain
revan-me.com	revan-me.com	revan-me.com Semrush snapshot	referring_domain_snapshot	https://revan-me.com/	https://frontendatlas.com	semrush_snapshot	existing_ref_domain		2026-08-19		Active Semrush referring domain snapshot; exact source URL not backfilled	https://www.semrush.com/analytics/refdomains/report/?q=frontendatlas.com&searchType=domain
saashub.com	saashub.com	saashub.com Semrush snapshot	referring_domain_snapshot	https://saashub.com/	https://frontendatlas.com	semrush_snapshot	existing_ref_domain		2026-08-19		Active Semrush referring domain snapshot; exact source URL not backfilled	https://www.semrush.com/analytics/refdomains/report/?q=frontendatlas.com&searchType=domain
shopify.com	shopify.com	shopify.com Semrush snapshot	referring_domain_snapshot	https://shopify.com/	https://frontendatlas.com	semrush_snapshot	existing_ref_domain		2026-08-19		Active Semrush referring domain snapshot; exact source URL not backfilled	https://www.semrush.com/analytics/refdomains/report/?q=frontendatlas.com&searchType=domain
shortenurls.eu	shortenurls.eu	shortenurls.eu Semrush snapshot	referring_domain_snapshot	https://shortenurls.eu/	https://frontendatlas.com	semrush_snapshot	existing_ref_domain		2026-08-19		Active Semrush referring domain snapshot; exact source URL not backfilled	https://www.semrush.com/analytics/refdomains/report/?q=frontendatlas.com&searchType=domain
siriusinstitute.com	siriusinstitute.com	siriusinstitute.com Semrush snapshot	referring_domain_snapshot	https://siriusinstitute.com/	https://frontendatlas.com	semrush_snapshot	existing_ref_domain		2026-08-19		Active Semrush referring domain snapshot; exact source URL not backfilled	https://www.semrush.com/analytics/refdomains/report/?q=frontendatlas.com&searchType=domain
softono.com	softono.com	softono.com Semrush snapshot	referring_domain_snapshot	https://softono.com/	https://frontendatlas.com	semrush_snapshot	existing_ref_domain		2026-08-19		Active Semrush referring domain snapshot; exact source URL not backfilled	https://www.semrush.com/analytics/refdomains/report/?q=frontendatlas.com&searchType=domain
sportsbikeparts.pk	sportsbikeparts.pk	sportsbikeparts.pk Semrush snapshot	referring_domain_snapshot	https://sportsbikeparts.pk/	https://frontendatlas.com	semrush_snapshot	existing_ref_domain		2026-08-19		Active Semrush referring domain snapshot; exact source URL not backfilled	https://www.semrush.com/analytics/refdomains/report/?q=frontendatlas.com&searchType=domain
subhikh.com	subhikh.com	subhikh.com Semrush snapshot	referring_domain_snapshot	https://subhikh.com/	https://frontendatlas.com	semrush_snapshot	existing_ref_domain		2026-08-19		Active Semrush referring domain snapshot; exact source URL not backfilled	https://www.semrush.com/analytics/refdomains/report/?q=frontendatlas.com&searchType=domain
teamblind.com	teamblind.com	teamblind.com Semrush snapshot	referring_domain_snapshot	https://teamblind.com/	https://frontendatlas.com	semrush_snapshot	existing_ref_domain		2026-08-19		Active Semrush referring domain snapshot; exact source URL not backfilled	https://www.semrush.com/analytics/refdomains/report/?q=frontendatlas.com&searchType=domain
theartistgallery.art	theartistgallery.art	theartistgallery.art Semrush snapshot	referring_domain_snapshot	https://theartistgallery.art/	https://frontendatlas.com	semrush_snapshot	existing_ref_domain		2026-08-19		Active Semrush referring domain snapshot; exact source URL not backfilled	https://www.semrush.com/analytics/refdomains/report/?q=frontendatlas.com&searchType=domain
thecitypulse.com	thecitypulse.com	thecitypulse.com Semrush snapshot	referring_domain_snapshot	https://thecitypulse.com/	https://frontendatlas.com	semrush_snapshot	existing_ref_domain		2026-08-19		Active Semrush referring domain snapshot; exact source URL not backfilled	https://www.semrush.com/analytics/refdomains/report/?q=frontendatlas.com&searchType=domain
thesocialhouseja.com	thesocialhouseja.com	thesocialhouseja.com Semrush snapshot	referring_domain_snapshot	https://thesocialhouseja.com/	https://frontendatlas.com	semrush_snapshot	existing_ref_domain		2026-08-19		Active Semrush referring domain snapshot; exact source URL not backfilled	https://www.semrush.com/analytics/refdomains/report/?q=frontendatlas.com&searchType=domain
urls-shortener.eu	urls-shortener.eu	urls-shortener.eu Semrush snapshot	referring_domain_snapshot	https://urls-shortener.eu/	https://frontendatlas.com	semrush_snapshot	existing_ref_domain		2026-08-19		Active Semrush referring domain snapshot; exact source URL not backfilled	https://www.semrush.com/analytics/refdomains/report/?q=frontendatlas.com&searchType=domain
xedulichdaklak.com	xedulichdaklak.com	xedulichdaklak.com Semrush snapshot	referring_domain_snapshot	https://xedulichdaklak.com/	https://frontendatlas.com	semrush_snapshot	existing_ref_domain		2026-08-19		Active Semrush referring domain snapshot; exact source URL not backfilled	https://www.semrush.com/analytics/refdomains/report/?q=frontendatlas.com&searchType=domain
rix.li	rix.li	rix.li Semrush snapshot	referring_domain_snapshot	https://rix.li/	https://frontendatlas.com	semrush_snapshot	closed		2026-08-19		Semrush classified the domain as lost on 2026-08-19; exact source URL not backfilled	https://www.semrush.com/analytics/refdomains/report/?q=frontendatlas.com&searchType=domain
devhunt.org	devhunt.org	devhunt.org Semrush snapshot	referring_domain_snapshot	https://devhunt.org/	https://frontendatlas.com	semrush_snapshot	closed		2026-08-19		Semrush classified the domain as lost on 2026-08-19; exact source URL not backfilled	https://www.semrush.com/analytics/refdomains/report/?q=frontendatlas.com&searchType=domain
redapplelearning.in	redapplelearning.in	redapplelearning.in Semrush snapshot	referring_domain_snapshot	https://redapplelearning.in/	https://frontendatlas.com	semrush_snapshot	closed		2026-08-19		Semrush classified the domain as lost on 2026-08-19; exact source URL not backfilled	https://www.semrush.com/analytics/refdomains/report/?q=frontendatlas.com&searchType=domain
lindseybrookedesign.com	lindseybrookedesign.com	lindseybrookedesign.com Semrush snapshot	referring_domain_snapshot	https://lindseybrookedesign.com/	https://frontendatlas.com	semrush_snapshot	closed		2026-08-19		Semrush classified the domain as lost on 2026-08-19; exact source URL not backfilled	https://www.semrush.com/analytics/refdomains/report/?q=frontendatlas.com&searchType=domain
nonprofitlearninglab.org	nonprofitlearninglab.org	nonprofitlearninglab.org Semrush snapshot	referring_domain_snapshot	https://nonprofitlearninglab.org/	https://frontendatlas.com	semrush_snapshot	closed		2026-08-19		Semrush classified the domain as lost on 2026-08-19; exact source URL not backfilled	https://www.semrush.com/analytics/refdomains/report/?q=frontendatlas.com&searchType=domain
stefanjudis.com	stefanjudis.com	stefanjudis.com Semrush snapshot	referring_domain_snapshot	https://stefanjudis.com/	https://frontendatlas.com	semrush_snapshot	closed		2026-08-19		Semrush classified the domain as lost on 2026-08-19; exact source URL not backfilled	https://www.semrush.com/analytics/refdomains/report/?q=frontendatlas.com&searchType=domain
angular.dev	angular.dev	Angular Security guide	official_docs	https://angular.dev/best-practices/security	https://frontendatlas.com/javascript/trivia/js-xss-dom-sinks	pull_request	human_negative	2026-08-19	2026-08-19		Maintainer declined links to courses or interview-prep pages; PR closed without merge	https://github.com/angular/angular/pull/70275#issuecomment-5341120714
component.gallery	component.gallery	Component Gallery Toast resources	resource_library	https://component.gallery/components/toast/	https://frontendatlas.com/system-design/notification-toast-system	issue	submitted	2026-08-19	2026-08-19	2026-08-26	Public issue requests an implementation-focused addition to the existing Toast resources and includes founder and access disclosures	https://github.com/inbn/component-gallery/issues/118
reactiflux.com	www.reactiflux.com	Reactiflux Learning hooks resources	resource_library	https://www.reactiflux.com/learning	https://frontendatlas.com/react/trivia/react-stale-state-closures	pull_request	submitted	2026-08-19	2026-08-19	2026-08-26	One-line learning-resource PR is open with founder and access disclosures	https://github.com/reactiflux/reactiflux.com/pull/370
free-for.dev	free-for.dev	free-for.dev Education and Career Development	resource_library	https://free-for.dev/	https://frontendatlas.com/tools/cv	pull_request	excluded		2026-08-19		Contribution rules prohibit AI-generated edits; do not submit AI-produced catalog or PR copy	https://github.com/ripienaar/free-for-dev/blob/master/CONTRIBUTING.md
owasp.org	cheatsheetseries.owasp.org	OWASP DOM based XSS Prevention Cheat Sheet	official_docs	https://cheatsheetseries.owasp.org/cheatsheets/DOM_based_XSS_Prevention_Cheat_Sheet.html	https://frontendatlas.com/javascript/trivia/js-xss-dom-sinks	issue	submitted	2026-08-19	2026-08-19	2026-09-02	Issue-first proposal opened with founder and AI-assistance disclosure; wait for maintainer scope approval before any PR	https://github.com/OWASP/CheatSheetSeries/issues/2371
typescript-eslint.io	typescript-eslint.io	typescript-eslint no-floating-promises rule	official_docs	https://typescript-eslint.io/rules/no-floating-promises/	https://frontendatlas.com/javascript/trivia/js-promise-combinators-all-allsettled-race-any	pull_request	deferred		2026-08-19	2026-10-01	Open team-assigned issue 8088 already covers a documentation overhaul and lacks the required accepting-prs label; no new issue, comment, or PR sent	https://github.com/typescript-eslint/typescript-eslint/issues/8088
getbootstrap.com	getbootstrap.com	Bootstrap Accessibility additional resources	official_docs	https://getbootstrap.com/docs/5.3/getting-started/accessibility/	https://frontendatlas.com/incidents/modal-screen-reader-failure	issue	human_negative	2026-08-19	2026-09-01		Public issue 42851 was closed on 2026-08-26 after a maintainer stated that the external FrontendAtlas exercise was outside the Additional resources scope and that project-owned documentation was preferred; the direct editorial rejection is terminal for this backlink opportunity. Historical submission record (2026-08-19): Issue-first proposal opened with the custom React limitation and founder relationship disclosed.	https://github.com/twbs/bootstrap/issues/42851#issuecomment-5427366760
vuejs.org	vuejs.org	Vue Security Best Practices	official_docs	https://vuejs.org/guide/best-practices/security	https://frontendatlas.com/javascript/trivia/js-xss-dom-sinks	issue	excluded		2026-08-19		Current guide already covers v-html, innerHTML, URL, style, and JavaScript injection and links OWASP; another self-authored resource would be redundant	https://vuejs.org/guide/best-practices/security
blitzjs.com	blitzjs.com	Blitz.js Learning Path	resource_library	https://blitzjs.com/docs/learning-path	https://frontendatlas.com/react/trivia/react-stale-state-closures	pull_request	submitted	2026-08-19	2026-08-19	2026-09-02	Focused five-line React learning-resource PR opened; founder relationship and public optional-premium boundary disclosed	https://github.com/blitz-js/blitzjs.com/pull/877
inclusionhub.com	www.inclusionhub.com	InclusionHub Digital Accessibility resource profile	directory	https://www.inclusionhub.com/submit-resource	https://frontendatlas.com/incidents/modal-screen-reader-failure	form	submitted	2026-08-19	2026-08-19	2026-09-02	Free basic resource form submitted; visible confirmation says the resource is being verified and email will follow when published	https://www.inclusionhub.com/submit-resource
playwright.dev	playwright.dev	Playwright Accessibility Testing	official_docs	https://playwright.dev/docs/accessibility-testing	https://frontendatlas.com/incidents/modal-screen-reader-failure	issue	submitted	2026-08-19	2026-08-19	2026-09-02	Issue-first scope proposal opened; no documentation PR until maintainers approve or assign the change	https://github.com/microsoft/playwright/issues/42309
canada.ca	a11y.canada.ca	Government of Canada Accessibility Testing 101	government_resource	https://a11y.canada.ca/en/accessibility-testing-101/	https://frontendatlas.com/incidents/modal-screen-reader-failure	discussion	submitted	2026-08-19	2026-08-19	2026-09-02	Content Discussion proposes an applied modal accessibility lab with founder, access, English-only, bilingual-copy, and AI-assistance disclosures	https://github.com/gc-da11yn/gc-da11yn.github.io/discussions/790
tanstack.com	tanstack.com	TanStack Query Infinite Queries	official_docs	https://tanstack.com/query/latest/docs/framework/react/guides/infinite-queries	https://frontendatlas.com/system-design/infinite-scroll-list	unknown	closed		2026-08-21		User reports prior outreach, but Gmail, registry, and public GitHub searches did not independently verify the delivery channel or date; closed to prevent duplicate outreach and must not be re-queued	https://github.com/TanStack/query/blob/main/CONTRIBUTING.md
careersandenterprise.co.uk	resources.careersandenterprise.co.uk	Careers and Enterprise Company Resource Directory	directory	https://resources.careersandenterprise.co.uk/submit-resource	https://frontendatlas.com/machine-coding	form	deferred		2026-08-19	2026-09-02	Reserve only because the exact public profile has no measurable Page AS and audience fit is less direct; use only if a main target becomes ineligible	https://resources.careersandenterprise.co.uk/submit-resource
electronjs.org	www.electronjs.org	Electron Security	official_docs	https://www.electronjs.org/docs/latest/tutorial/security	https://frontendatlas.com/javascript/trivia/js-xss-dom-sinks	issue	excluded		2026-08-19		High Page AS does not offset weak fit: the target is generic DOM XSS and the Electron page has no natural third-party learning-resource slot	https://www.electronjs.org/docs/latest/tutorial/security
madewithangular.com	madewithangular.com	Made with Angular showcase	showcase	https://madewithangular.com/sites	https://frontendatlas.com	form	excluded		2026-08-19		Main showcase accepts only high-profile public-company or venture-backed applications; other submissions remain GitHub discussion UGC	https://github.com/madewithangular/madewithangular.github.io/discussions/432
chrome.com	developer.chrome.com	Chrome Lighthouse focus traps	official_docs	https://developer.chrome.com/docs/lighthouse/accessibility/focus-traps/	https://frontendatlas.com/incidents/modal-screen-reader-failure	issue	excluded		2026-08-19		The older page already links an accessible modal example and keyboard-trap guidance, so the proposed resource would be redundant	https://developer.chrome.com/docs/lighthouse/accessibility/focus-traps/
microsoft.com	learn.microsoft.com	Microsoft Edge Resources for accessibility testing	official_docs	https://learn.microsoft.com/en-us/microsoft-edge/accessibility/test	https://frontendatlas.com/incidents/modal-screen-reader-failure	pull_request	submitted	2026-08-20	2026-08-20	2026-09-03	Issue #3909 invited evaluation through a text-only PR; PR #3911 is open with no screenshots, CLA/PoliCheck/OpenPublishing checks passed, and maintainer review pending	https://github.com/MicrosoftDocs/edge-developer/pull/3911
storybook.js.org	storybook.js.org	Storybook Accessibility tests	official_docs	https://storybook.js.org/docs/writing-tests/accessibility-testing	https://frontendatlas.com/incidents/modal-screen-reader-failure	discussion	submitted	2026-08-20	2026-08-20	2026-09-03	Documentation Discussion opened with founder, access, non-Storybook-specific, and AI-assistance disclosures; no PR until maintainer scope approval	https://github.com/storybookjs/storybook/discussions/35967
dwp.gov.uk	accessibility-manual.dwp.gov.uk	DWP Accessibility Manual How to do accessibility testing	government_resource	https://accessibility-manual.dwp.gov.uk/best-practice/how-to-do-accessibility-testing	https://frontendatlas.com/incidents/modal-screen-reader-failure	email	contacted	2026-08-20	2026-08-20	2026-09-03	Resource suggestion sent through the current official community email route; Sent record verified and no immediate delivery failure detected	https://accessibility-manual.dwp.gov.uk/
nodejs.org	nodejs.org	Node.js Learn Discover Promises	official_docs	https://nodejs.org/learn/asynchronous-work/discover-promises-in-nodejs	https://frontendatlas.com/javascript/trivia/js-promise-combinators-all-allsettled-race-any	pull_request	planned_not_sent		2026-08-20		Preflight found that the official page already covers the proposed semantics and the founder-owned destination is a static interview answer rather than an interactive lab; anonymous link-checker requests also return a Vercel 429, so no PR was opened	https://github.com/nodejs/learn/blob/main/pages/asynchronous-work/discover-promises-in-nodejs.md
gov.uk	www.gov.uk	GOV.UK Testing for accessibility	government_resource	https://www.gov.uk/service-manual/helping-people-to-use-your-service/testing-for-accessibility	https://frontendatlas.com/incidents/modal-screen-reader-failure	form	deferred		2026-08-20	2026-09-03	User recalls prior GOV.UK-family outreach; Gmail exact-match audit confirms the 2026-08-20 send was to DWP rather than this central GOV.UK page; keep deferred and do not recontact without explicit user direction	https://www.gov.uk/contact/govuk
gov.bc.ca	www2.gov.bc.ca	British Columbia Testing and auditing	government_resource	https://www2.gov.bc.ca/gov/content/home/accessible-government/toolkit/testing-and-auditing	https://frontendatlas.com/incidents/modal-screen-reader-failure	email	deferred		2026-08-20	2026-09-10	Use five business days after an eligible GOV.UK submission; otherwise keep deferred	https://www2.gov.bc.ca/gov/content/home/accessible-government/toolkit/testing-and-auditing
testing-library.com	testing-library.com	Testing Library Modals	official_docs	https://testing-library.com/docs/example-react-modal/	https://frontendatlas.com/incidents/modal-screen-reader-failure	unknown	closed		2026-08-21		User reports prior outreach, but Gmail, registry, and public GitHub searches did not independently verify the delivery channel or date; closed to prevent duplicate outreach and must not be re-queued	https://testing-library.com/docs/example-react-modal/
nhs.uk	service-manual.nhs.uk	NHS Service Manual Accessibility testing	government_resource	https://service-manual.nhs.uk/accessibility/testing	https://frontendatlas.com/incidents/modal-screen-reader-failure	issue_comment	submitted	2026-08-21	2026-08-21	2026-09-04	Public comment submitted on existing issue 350 as a transparent reproducible technical example and explicitly not represented as user research; maintainer review and a direct followed Service Manual link remain pending	https://github.com/nhsuk/nhsuk-service-manual-community-backlog/issues/350#issuecomment-5367605329
cssauthor.com	cssauthor.com	CSS Author Coding Practice Sites	resource_library	https://cssauthor.com/practice-coding-sites/	https://frontendatlas.com/coding	email	excluded	2026-08-15	2026-08-20		Earlier outreach received a direct response that free additions are closed and inclusion is paid-only; paid placement is out of scope and no resend is allowed	https://cssauthor.com/practice-coding-sites/
prototypr.io	prototypr.io	Prototypr How to Ace a UI Engineer Interview	editorial	https://prototypr.io/post/how-to-ace-a-ui-engineer-interview	https://frontendatlas.com/interview-questions/essential	editorial_pitch	candidate		2026-08-20		Semrush Backlink Gap candidate (AS 44; 121K estimated monthly visits); source is indexable with no canonical tag observed and links BFE.dev directly with an empty rel value; official publishing instructions verified; no outreach sent	https://prototypr.io/post/write-for-us
hellointerview.com	www.hellointerview.com	Hello Interview System Design in a Hurry	resource_library	https://www.hellointerview.com/learn/system-design/in-a-hurry/introduction	https://frontendatlas.com/guides/system-design-blueprint/radio-framework	email	contacted	2026-08-20	2026-08-20	2026-09-03	Preflight found no prior Gmail outreach and no active Semrush referring domain; the official support email surfaced through the public support page and the resource suggestion was verified sent; team response is pending	https://www.hellointerview.com/support
freecodecamp.org	www.freecodecamp.org	freeCodeCamp Coding Interview Guide	editorial	https://www.freecodecamp.org/news/coding-interviews-for-dummies-5e048933b82b/	https://frontendatlas.com/interview-questions/essential	email	candidate		2026-08-20		Semrush Backlink Gap candidate (AS 71; 13.9M estimated monthly visits); canonical source links Front End Interview Handbook directly with no rel value; official article-feedback route verified; high-value low-probability update and no outreach sent	https://www.freecodecamp.org/news/how-to-give-feedback-on-a-freecodecamp-article/
tryexponent.com	www.tryexponent.com	Exponent LinkedIn Frontend Interview Guide	editorial	https://www.tryexponent.com/guides/linkedin-frontend-software-engineer-interview	https://frontendatlas.com/guides/system-design-blueprint/radio-framework	form	candidate		2026-08-20		Semrush recently observed a RADIO link (AS 40; 364K estimated monthly visits), but the canonical live page has no GreatFrontend or RADIO href now; on-page Suggest edits is account-gated; re-review candidate and no action sent	https://www.tryexponent.com/guides/linkedin-frontend-software-engineer-interview
explainthis.io	www.explainthis.io	ExplainThis cloneDeep affiliate placement	editorial	https://www.explainthis.io/zh-hant/swe/implement-cloneDeep	https://frontendatlas.com/coding	semrush_snapshot	excluded		2026-08-20		Canonical indexable page links GreatFrontEnd directly through fpr=explainthis; affiliate placement is outside the editorial-link objective	https://www.explainthis.io/zh-hant/swe/implement-cloneDeep
jointaro.com	www.jointaro.com	Taro Perks GreatFrontEnd discount	directory	https://www.jointaro.com/perks/	https://frontendatlas.com	semrush_snapshot	excluded		2026-08-20		Taro Perks is partnership and discount inventory and links GreatFrontEnd through fpr=rahul87; paid or affiliate routes are excluded	https://www.jointaro.com/perks/
pramp.com	blog.pramp.com	Pramp Complete Frontend Interviewer Guide	editorial	https://blog.pramp.com/the-complete-frontend-interviewer-guide-8b5f3dfce2f0	https://frontendatlas.com/interview-questions/essential	semrush_snapshot	excluded		2026-08-20		Semrush flags the GreatFrontend content link as both nofollow and UGC; UGC-only or nofollow placement fails the editorial-link objective	https://blog.pramp.com/the-complete-frontend-interviewer-guide-8b5f3dfce2f0
hackernoon.com	hackernoon.com	HackerNoon Currying in JS	editorial	https://hackernoon.com/currying-in-js-d9ddc64f162e	https://frontendatlas.com/javascript/trivia/js-currying	semrush_snapshot	excluded		2026-08-20		Semrush flags the Frontend Interview Handbook content link as nofollow on a self-publishing source; nofollow UGC outreach is outside the editorial-link objective	https://hackernoon.com/currying-in-js-d9ddc64f162e
businessinsider.com	www.businessinsider.com	Business Insider OpenAI offer article	editorial	https://www.businessinsider.com/openai-offer-sparked-instant-interest-from-meta-ai-engineer-says-2025-8	https://frontendatlas.com/interview-questions/essential	semrush_snapshot	excluded		2026-08-20		Semrush flags the GreatFrontend content link as nofollow; the placement does not meet the followed editorial-link objective	https://www.businessinsider.com/openai-offer-sparked-instant-interest-from-meta-ai-engineer-says-2025-8
xebia.com	candidate-compass.xebia.com	Xebia Candidate Compass live coding advice	resource_library	https://candidate-compass.xebia.com/live-coding-training/advice	https://frontendatlas.com/coding	semrush_snapshot	excluded		2026-08-20		Exact donor page returned HTTP 404 on recheck; no live indexable opportunity remains	https://candidate-compass.xebia.com/live-coding-training/advice
fairygodboss.com	fairygodboss.com	Fairygodboss Freelance Writers discussion	directory	https://fairygodboss.com/groups/HkMo-jVYB/freelance-writers/community-discussion/90NY4kiB2/	https://frontendatlas.com	semrush_snapshot	excluded		2026-08-20		Semrush shows a BigFrontend user-profile href in the footer plus duplicate profile links; profile and footer spam is ineligible	https://fairygodboss.com/groups/HkMo-jVYB/freelance-writers/community-discussion/90NY4kiB2/
ucl.ac.uk	students.cs.ucl.ac.uk	UCL student group author template	academic	https://students.cs.ucl.ac.uk/2025/group9/blog/authors/yangshun/	https://frontendatlas.com/coding	semrush_snapshot	excluded		2026-08-20		Representative Semrush donor is a student group template author page with no posts; it is not faculty-owned course material and is ineligible for the academic pilot	https://students.cs.ucl.ac.uk/2025/group9/blog/authors/yangshun/
brown.edu	cs.brown.edu	Brown CSCI1320 Spring 2021 resources	academic	https://cs.brown.edu/courses/csci1320/docs.html	https://frontendatlas.com/javascript/trivia/js-async-race-conditions	semrush_snapshot	excluded		2026-08-20		Live course resource page is explicitly Spring 2021; the archived term falls outside the current or evergreen faculty-page pilot	https://cs.brown.edu/courses/csci1320/docs.html
uic.edu	484.cs.uic.edu	UIC CS484 Fall 2024 resources	academic	https://484.cs.uic.edu/resources/	https://frontendatlas.com/coding	semrush_snapshot	excluded		2026-08-20		Live course resource page is tied to Fall 2024 and is not a current 2025-2026 or verified evergreen course owner page for this pilot	https://484.cs.uic.edu/resources/
syr.edu	ecs.syr.edu	Syracuse CSE686 resource archive	academic	https://ecs.syr.edu/faculty/fawcett/Handouts/CSE686/lectures/Resources.htm	https://frontendatlas.com/coding	semrush_snapshot	excluded		2026-08-20		Representative donor is a legacy course resource page last revised in 2019; archived course material is outside the pilot	https://ecs.syr.edu/faculty/fawcett/Handouts/CSE686/lectures/Resources.htm
ucdavis.edu	web.cs.ucdavis.edu	UC Davis ECS162 Spring 2019	academic	https://web.cs.ucdavis.edu/~amenta/s19/ecs162	https://frontendatlas.com/coding	semrush_snapshot	excluded		2026-08-20		Representative donor is the Spring 2019 Web Programming course and related results are from 2016-2019; stale term archives are ineligible	https://web.cs.ucdavis.edu/~amenta/s19/ecs162
berkeley.edu	sites.ischool.berkeley.edu	Berkeley I253A Fall 2021	academic	https://sites.ischool.berkeley.edu/i253af21/	https://frontendatlas.com/coding	semrush_snapshot	excluded		2026-08-20		Representative donor is the Fall 2021 Front-End Web Architecture site and adjacent results are 2020-2021 archives; no current course owner was verified	https://sites.ischool.berkeley.edu/i253af21/
kutztown.edu	faculty.kutztown.edu	Kutztown CSC310 Spring 2023 resources	academic	https://faculty.kutztown.edu/schwesin/spring2023/csc310/resources.html	https://frontendatlas.com/coding	semrush_snapshot	excluded		2026-08-20		Representative donor is a Spring 2023 course resource page with adjacent 2022 material; it is outside the current-course pilot window	https://faculty.kutztown.edu/schwesin/spring2023/csc310/resources.html
gmu.edu	people.cs.gmu.edu	GMU SWE432 Fall 2019	academic	https://people.cs.gmu.edu/~tlatoza/teaching/swe432f19/home.html	https://frontendatlas.com/coding	semrush_snapshot	excluded		2026-08-20		Representative donor is the Fall 2019 course site and related results date to 2017; archived terms are ineligible for this pilot	https://people.cs.gmu.edu/~tlatoza/teaching/swe432f19/home.html
usna.edu	www.usna.edu	USNA Spring 2022 lecture 17	academic	https://www.usna.edu/Users/cs/nchamber/courses/forall/s22/lec/l17/index.html	https://frontendatlas.com/coding	semrush_snapshot	excluded		2026-08-20		Representative donor is a Spring 2022 Python multi-file programming lecture; it is both stale and not topically aligned with frontend course outreach	https://www.usna.edu/Users/cs/nchamber/courses/forall/s22/lec/l17/index.html
cpp.edu	hwang.cisdept.cpp.edu	Cal Poly Pomona browser course page	academic	https://hwang.cisdept.cpp.edu/swanew/Browser.aspx?m=SOP	https://frontendatlas.com/coding	semrush_snapshot	excluded		2026-08-20		Live recheck is blocked by an invalid TLS certificate and the Semrush source has weak frontend-topic fit; do not bypass the certificate or pursue outreach	https://hwang.cisdept.cpp.edu/swanew/Browser.aspx?m=SOP
fmhy.net	fmhy.net	FMHY Tech Jobs Interview Handbooks	open_source_resource	https://fmhy.net/misc	https://frontendatlas.com/guides/system-design-blueprint/checklist	issue	human_positive	2026-08-15	2026-08-20	2026-08-30	Public issue submitted on 2026-08-15; an FMHY collaborator moved the suggestion to Discord testing on 2026-08-16; publication and a live link remain pending	https://github.com/fmhy/edit/issues/6052
webable.com	webable.com	WebABLE crawler suggestion	news_aggregator	https://webable.com/suggest-a-url	https://frontendatlas.com	unknown	closed		2026-08-21		User reports prior outreach, but the delivery channel, date, and exact FrontendAtlas destination were not independently verified; root URL is a suppression placeholder and this opportunity is closed to prevent duplicate outreach	https://webable.com/suggest-a-url
uiarchives.com	uiarchives.com	UIArchives resource submission	directory	https://uiarchives.com/add-resource	https://frontendatlas.com	unknown	closed		2026-08-21		User reports prior outreach, but the delivery channel, date, and exact FrontendAtlas destination were not independently verified; root URL is a suppression placeholder and this opportunity is closed to prevent duplicate outreach	https://uiarchives.com/add-resource
onlyfrontendjobs.com	www.onlyfrontendjobs.com	OnlyFrontendJobs resources	resource_library	https://www.onlyfrontendjobs.com/	https://frontendatlas.com	email	contacted	2026-08-14	2026-08-21		Gmail Sent record verified for 2026-08-14; the exact source and exact FrontendAtlas destination were not retained, so root URLs are suppression placeholders; no draft or scheduled duplicate was found; do not recontact	https://www.onlyfrontendjobs.com/resources
ui.land	ui.land	UI Land resources	resource_library	https://ui.land/resources	https://frontendatlas.com/system-design/notification-toast-system	form	planned_not_sent		2026-08-21		Submit was clicked after user approval, but the live form returned an explicit Something went wrong and Please try again error with no success receipt; delivery is unverified and no automatic retry should be attempted	https://ui.land/resources
wtfisthis.tech	wtfisthis.tech	WTF is this toolkit	resource_library	https://wtfisthis.tech/toolkit	https://frontendatlas.com/javascript/coding/js-debounce	form	submitted	2026-08-21	2026-08-21	2026-09-04	Clear success confirmation was shown after submitting the no-account resource suggestion form; the exact free Debounce challenge URL was used to satisfy the toolkit's free-only policy	https://wtfisthis.tech/toolkit
capscode.in	web-dev-resource.capscode.in	CapsCode Web Dev Resource	resource_library	https://web-dev-resource.capscode.in/	https://frontendatlas.com/coding	form	submitted	2026-08-21	2026-08-21	2026-09-04	Clear Google Forms success receipt verified that the official resource submission was accepted; recheck the live directory for a direct followed FrontendAtlas link	https://forms.gle/BDPKfPqayaKAJrxo9
byteside.io	byteside.io	ByteSide developer tools	directory	https://byteside.io/	https://frontendatlas.com/system-design/ai-agent-run-inspector	form	submitted	2026-08-21	2026-08-21	2026-09-04	Clear on-page confirmation verified that the no-account resource suggestion was submitted in the Learning category with email and honeypot fields blank; recheck the live directory for a direct followed link	https://byteside.io/
nist.gov	airc.nist.gov	NIST AI RMF Playbook Measure references	government_resource	https://airc.nist.gov/airmf-resources/playbook/measure/	https://frontendatlas.com/system-design/ai-agent-run-inspector	email	contacted	2026-08-21	2026-08-21	2026-09-04	Official NIST AI RMF resource suggestion sent through the FAQ-listed channel; Gmail Sent record and on-screen success confirmation were verified; publication and a direct followed Playbook link remain pending	https://www.nist.gov/itl/ai-risk-management-framework/nist-ai-rmf-playbook-faqs
ascet.com	ascet.com	ASCET Information and Data Sharing Hub	resource_library	https://ascet.com/information-and-data-sharing-hub/	https://frontendatlas.com/system-design/ai-agent-run-inspector	form	submitted	2026-08-21	2026-08-21	2026-09-04	The official no-account form displayed a clear success receipt confirming that the Artificial Intelligence URL resource was submitted for review; publication and a direct followed Hub link remain pending	https://ascet.com/submit-a-resource/
digital.gov	designsystem.digital.gov	USWDS Modal Accessibility Tests	government_resource	https://designsystem.digital.gov/components/modal/accessibility-tests/	https://frontendatlas.com/incidents/modal-screen-reader-failure	issue	submitted	2026-08-21	2026-08-21	2026-09-04	Public feature request submitted after duplicate and policy checks; the request acknowledges existing USWDS modal tests and asks only whether the public implementation-context incident exercise fits as an optional companion; no PR should be opened without maintainer invitation	https://github.com/uswds/uswds/issues/6835
accessibility-developer-guide.com	www.accessibility-developer-guide.com	Accessibility Developer Guide Dialog Example	open_source_resource	https://www.accessibility-developer-guide.com/examples/widgets/dialog/	https://frontendatlas.com/incidents/modal-screen-reader-failure	issue	submitted	2026-08-21	2026-08-21	2026-09-04	Public issue submitted after repository duplicate and contribution-policy checks; no pull request should be opened without maintainer scope approval; publication and a direct followed link remain pending	https://github.com/Access4all/adg/issues/497
mitre.org	capec.mitre.org	MITRE CAPEC-588 DOM-Based XSS	security_standard	https://capec.mitre.org/data/definitions/588.html	https://frontendatlas.com/javascript/trivia/js-xss-dom-sinks	email	deferred		2026-08-21	2026-10-02	Semrush root AS 52 with 88.8K referring domains was recorded; the formal PDF and email standards process is deferred until a standards-grade content gap is supported by primary authorities; link-only submission is out of scope	https://capec.mitre.org/submit_content/index.html
18f.org	guides.18f.org	18F Output Encoding Guide Archive	official_docs	https://guides.18f.org/engineering/security/output-encoding/	https://frontendatlas.com/javascript/trivia/js-xss-dom-sinks	unknown	excluded		2026-08-21		The exact donor page labels itself an unofficial archive frozen on 2025-01-20; the consolidated public repository remains available, but this archived page has Semrush root AS 6 and is not an eligible current placement; do not pursue this opportunity	https://guides.18f.org/engineering/security/output-encoding/
va.gov	design.va.gov	VA Design System Accessibility Test Library	government_resource	https://design.va.gov/accessibility/test-library	https://frontendatlas.com/incidents/modal-screen-reader-failure	unknown	excluded		2026-08-21		The public test library is indexable and has followed references but its feedback edit and discussion routes require private VA GitHub Enterprise or Slack access; no public acceptance route is available	https://design.va.gov/accessibility/test-library
souravdey.space	souravdey.space	Sourav Dey System Design Resources	resource_library	https://souravdey.space/resources/system-design	https://frontendatlas.com/guides/system-design-blueprint/radio-framework	email	contacted	2026-08-21	2026-08-21	2026-09-04	Official public contact channel used and Gmail Sent delivery verified after registry and Semrush duplicate checks; publication and a direct followed link remain pending	https://souravdey.space/aboutMe/socialPresence
mit.edu	orbit.mit.edu	MIT Orbit resource directory	resource_library	https://orbit.mit.edu/resources	https://frontendatlas.com/system-design/ai-agent-run-inspector	form	submitted	2026-08-21	2026-08-21	2026-09-04	The official public resource form displayed a clear Resource Submitted Successfully receipt and confirmed review within a few business days; publication and a direct followed link remain pending	https://orbit.mit.edu/resources/new
mo.gov	at.mo.gov	Missouri Assistive Technology Web and Applications Testing	government_resource	https://at.mo.gov/ict-websites-webapps/	https://frontendatlas.com/incidents/modal-screen-reader-failure	email	contacted	2026-08-21	2026-08-21	2026-09-04	Resource suggestion sent to the official institution address published on the Web and Applications Testing page after the Share It With Us route was blocked by site security; Gmail Sent record verified; publication and a direct followed link remain pending	https://at.mo.gov/ict-websites-webapps/
digitalgovernmenthub.org	digitalgovernmenthub.org	Digital Government Hub resource submission	resource_library	https://digitalgovernmenthub.org/submit/	https://frontendatlas.com/incidents/modal-screen-reader-failure	form	submitted	2026-08-21	2026-08-21	2026-09-04	Official form displayed a clear Thank you receipt and an email receipt was received; the CC BY 4.0 condition applied to submitted Hub data; publication and a direct followed link remain pending	https://digitalgovernmenthub.org/submit/
epc.ac.uk	epc.ac.uk	EPC Complex Systems Toolkit Resource Library	resource_library	https://epc.ac.uk/toolkit/complex-systems-toolkit-resource-library/	https://frontendatlas.com/system-design/ai-agent-run-inspector	email	contacted	2026-08-21	2026-08-21	2026-09-04	External resource suggestion sent through the official toolkit channel; Gmail Sent record verified; publication and a direct followed link remain pending	https://epc.ac.uk/toolkit/complex-systems-toolkit-resource-library/
ucr.edu	www.cs.ucr.edu	UCR CS180 Spring 2026	academic	https://www.cs.ucr.edu/~qzhang/cs180-spring2026.html	https://frontendatlas.com/system-design/ai-agent-run-inspector	email	contacted	2026-08-21	2026-08-21	2026-09-04	Optional future-course resource suggestion sent to the active course owner; Gmail Sent record verified; user explicitly authorized this one-off university outreach before the general 2026-09-15 pause ends	https://www.cs.ucr.edu/~qzhang/
duke.edu	duke.edu	Duke Career Center suppression	university_career	https://duke.edu/	https://frontendatlas.com	email	contacted	2026-03-15	2026-08-21		Gmail Sent history verified a prior Duke Career Center outreach on 2026-03-15; exact source and exact FrontendAtlas destination were not retained, so root URLs are suppression placeholders; do not contact another duke.edu opportunity	https://duke.edu/
cornell.edu	www.cornell.edu	Cornell Career Services suppression	university_career	https://www.cornell.edu/	https://frontendatlas.com	email	contacted	2026-08-17	2026-08-21		Gmail Sent history verified a prior Cornell career outreach on 2026-08-17; exact source and exact FrontendAtlas destination were not retained, so root URLs are suppression placeholders; do not contact another cornell.edu opportunity	https://www.cornell.edu/
umn.edu	www.d.umn.edu	UMD ITSS CSS Web Design References	academic	https://www.d.umn.edu/itss/training/online/webdesign/css.html	https://frontendatlas.com/css/trivia/css-position-sticky-not-working	form	submitted	2026-08-22	2026-09-19		Official Suggest a Link form displayed a clear Thank you for your suggestion receipt; user explicitly authorized this opportunity as an exception to the university pause; publication and a direct followed link remain pending History reconciliation 2026-09-19: Preserve the 2026-08-22 CSS form submitted state, target, date and existing public receipt. An earlier verified 2026-08-15 SENT to /tools/cv is a separate event recorded in a new institution-root history row. Do not overwrite the CSS submission with the CV email. umn.edu is University of Minnesota, distinct from University of Maryland umd.edu. Full Gmail messages and threads were read; SENT and actual institutional recipients verified. This establishes prior contact, not delivery/read/acceptance. Suppress further contact to this institution under the current task; no new send in this historical reconciliation.	https://www.d.umn.edu/itss/training/online/webdesign/urlthanks.html
naspo.org	www.naspo.org	NASPO Accessibility Testing and Tools	resource_library	https://www.naspo.org/accessibility/testing-tools/	https://frontendatlas.com/incidents/modal-screen-reader-failure	email	deferred		2026-08-22	2026-09-05	Canonical index,follow professional-association resource page uses direct followed external links and the parent hub explicitly accepts public resource suggestions; defer until the current modal outreach cooldown ends and note that state-run resources are preferred	https://www.naspo.org/accessibility/
cms.gov	design.cms.gov	CMS Design System Modal Dialog	government_resource	https://design.cms.gov/components/modal-dialog/	https://frontendatlas.com/incidents/modal-screen-reader-failure	discussion	deferred		2026-08-22	2026-09-19	High-authority public government design-system page has no observed noindex signal, uses direct followed Learn more links, and exposes an official GitHub Discussions route; defer behind NASPO and ask scope before any issue or pull request	https://github.com/CMSgov/design-system/discussions
carbondesignsystem.com	carbondesignsystem.com	Carbon Design System Modal Accessibility	official_docs	https://carbondesignsystem.com/components/modal/accessibility/	https://frontendatlas.com/incidents/modal-screen-reader-failure	issue	deferred		2026-08-22	2026-10-03	Current official modal accessibility page has direct followed W3C references plus a public issue route; defer to avoid overlapping modal outreach and propose only an optional worked incident companion	https://github.com/carbon-design-system/carbon-website/issues/new
openssf.org	lfd121.openssf.org	OpenSSF LFD121 Cross-Site Scripting	official_docs	https://lfd121.openssf.org/lfd121.html	https://frontendatlas.com/javascript/trivia/js-xss-dom-sinks	issue	deferred		2026-08-22	2026-09-05	Official course repository welcomes issues and pull requests; defer pending a concrete source-to-sink documentation-gap audit and do not open a link-only issue or pull request	https://github.com/ossf/secure-sw-dev-fundamentals/issues
aistandardshub.org	aistandardshub.org	AI Standards Hub Research and Analysis	resource_library	https://aistandardshub.org/research-and-analysis-search/	https://frontendatlas.com/system-design/ai-agent-run-inspector	form	excluded		2026-08-22		Official repository accepts missing-item suggestions and publishes direct followed source links, but its standards and formal research quality bar does not fit this practitioner systems-design reference closely enough for outreach	https://aistandardshub.org/contact-us/
learnrxjs.io	www.learnrxjs.io	Learn RxJS switchMap Additional Resources	official_docs	https://www.learnrxjs.io/learn-rxjs/operators/transformation/switchmap	https://frontendatlas.com/angular/trivia/angular-http-what-actually-cancels-request	pull_request	submitted	2026-08-22	2026-08-22	2026-09-05	Public pull request 326 opened with exactly one Additional Resources link, maintainer disclosure, and no change to the existing switchMap cancellation explanation; review and publication remain pending	https://github.com/btroncone/learn-rxjs/pull/326
redux.js.org	redux.js.org	Redux Learning Resources	official_docs	https://redux.js.org/introduction/learning-resources	https://frontendatlas.com/tradeoffs/context-vs-zustand-vs-redux	issue	submitted	2026-08-22	2026-08-22	2026-09-05	Public Documentation Fix issue 4916 opened to ask whether the interactive state-selection scenario fits Thinking in Redux; no pull request will be opened without maintainer invitation	https://github.com/reduxjs/redux/issues/4916
oregonstate.edu	web.engr.oregonstate.edu	Oregon State CS494 Advanced Web Development Winter 2026	academic	https://web.engr.oregonstate.edu/~hessro/teaching/cs494-w26	https://frontendatlas.com/javascript/trivia/js-async-race-conditions	email	deferred		2026-09-19	2026-09-15	Current faculty-owned Winter 2026 course covers React effects, HTTP APIs, and data fetching and uses direct followed external readings; high-authority exact-fit opportunity deferred under the university outreach pause Continuation review 2026-09-19: held_source_redirect_lost_exact_course_and_faculty_target_cap. Eski kurum ders URL'si genel legacy öğretim kabuğuna yönleniyor; güncel tam sayfa/yerleşim doğrulanamadı. Bu tur gönderim yapılmadı. Üniversite genel duraklatması kaldırıldı; kaydedilen ayrı uygunluk/erişim engelleri sürer.	https://web.engr.oregonstate.edu/~hessro/teaching/cs494-w26
uni-heidelberg.de	www.graduateacademy.uni-heidelberg.de	Heidelberg Graduate Academy Web Design	academic	https://www.graduateacademy.uni-heidelberg.de/en/academic-support/digital-services-and-resources/digital-skills/web-design	https://frontendatlas.com/css/trivia/css-position-sticky-not-working	email	deferred		2026-09-19	2026-09-15	Current canonical index,follow institutional web-design resource page uses direct followed external courses and exposes an official Graduate Academy contact route; defer under the university pause and recheck current sticky-target campaign outcomes first Continuation review 2026-09-19: held_below_threshold_target_unverified. Doktora araştırmacılarına web tasarım kaynakları sunuyor. Tek CSS hata çözümü veya modal olay önizlemesi, mevcut geniş kapsamlı kurs listesine ancak sınırlı ek değer sağlıyor. Bu tur gönderim yapılmadı. Üniversite genel duraklatması kaldırıldı; kaydedilen ayrı uygunluk/erişim engelleri sürer.	https://www.graduateacademy.uni-heidelberg.de/en/academic-support/digital-services-and-resources/digital-skills/web-design
palomar.edu	www.palomar.edu	Palomar Career Center Resume Assistance	university_career	https://www.palomar.edu/careercenter/information-for/students/resumecover-letter/resume-assistance/	https://frontendatlas.com/tools/cv	email	deferred		2026-09-19	2026-09-15	Current Career Center resume-resource page is canonical and indexable and uses direct followed external resources; defer the distinct CV-tool suggestion under the university outreach pause Continuation review 2026-09-19: held_target_429. Teknik roller için CV geri bildirimi, mevcut anahtar kelime/eylem fiili yazım kaynaklarını uygulamaya dönüştürebilir. Genel öğrenci kitlesinin yalnız geliştirici rolleri hedefleyen alt grubuna uygun. Bu tur gönderim yapılmadı. Üniversite genel duraklatması kaldırıldı; kaydedilen ayrı uygunluk/erişim engelleri sürer.	https://www.palomar.edu/careercenter/information-for/students/resumecover-letter/resume-assistance/
fullstackopen.com	fullstackopen.com	Full Stack Open Getting Data from Server	academic	https://fullstackopen.com/en/part2/getting_data_from_server	https://frontendatlas.com/javascript/trivia/js-async-race-conditions	email	contacted	2026-08-25	2026-08-25	2026-09-01	Score 8.5/10; day-of-send registry and Gmail Sent Drafts Scheduled checks were clear; the fully reconciled 2026-08-24 snapshot contained 91 active referring domains with none missing from the registry and no fullstackopen.com donor; the current University of Helsinki-backed English course page is HTTP 200, self-canonical, crawlable without a noindex signal, and uses normal followed contextual references while teaching promises, event-loop behavior, fetch, React effects, and server data; the public free self-canonical target is in the sitemap and had 2025 GSC impressions at average position 8.7 in the latest completed exact-page window; a course-specific free companion suggestion was sent through the official public course-owner route, verified in Gmail Sent, and had no immediate bounce Historical institutional identity: fullstackopen.com and helsinki.fi are University of Helsinki; the verified 2026-08-25 contact used helsinki.fi. Check both domains before any future outreach; this is one historical contact, not a new send.	https://fullstackopen.com/en/part0/general_info/
ut.ee	courses.cs.ut.ee	University of Tartu WAD 2026 Lectures	academic	https://courses.cs.ut.ee/2026/WAD/fall/Main/Lectures	https://frontendatlas.com/javascript/trivia/js-async-race-conditions	email	contacted	2026-08-25	2026-08-25	2026-09-01	Score 9/10; day-of-send registry and Gmail Sent Drafts Scheduled checks were clear; the fully reconciled 2026-08-24 snapshot contained 91 active referring domains with none missing from the registry and no ut.ee donor; the current English 2026/27 course page is HTTP 200 with index,follow, safe absent canonical, normal followed contextual references, and active faculty ownership; its JavaScript IV module covers promises, call stack, event-loop queues, AJAX, and Fetch; the public free target had 2025 GSC impressions at average position 8.7 in the latest completed exact-page window; a course-specific free companion suggestion was sent through the official current lecturer route, verified in Gmail Sent, and had no immediate bounce	https://courses.cs.ut.ee/2026/WAD/fall/Main/HomePage
reactrouter.com	reactrouter.com	React Router Race Conditions	official_docs	https://reactrouter.com/explanation/race-conditions	https://frontendatlas.com/javascript/trivia/js-async-race-conditions	pull_request	deferred		2026-08-22	2026-10-15	High-authority canonical documentation page has a public edit workflow but no external-resource section or precise documentation gap; do not open a link-only pull request and reconsider only if a substantive content improvement emerges	https://reactrouter.com/explanation/race-conditions
kinsta.com	kinsta.com	Kinsta Sticky Header Guide	editorial	https://kinsta.com/blog/sticky-header/	https://frontendatlas.com/css/trivia/css-position-sticky-not-working	form	candidate		2026-08-22		Score 9/10; Semrush AS 59 and about 1.6M monthly visits; self-canonical index,follow guide covers sticky, z-index, and parent overflow constraints and links MDN without nofollow; exact troubleshooting fit, but the official contact is sales/support oriented; registry, active-referrer, and Gmail checks are clear; no outreach sent	https://kinsta.com/contact-us/
openreplay.com	blog.openreplay.com	OpenReplay Event Loop and Call Stack	editorial	https://blog.openreplay.com/javascript-event-loop-and-call-stack-explained/	https://frontendatlas.com/javascript/trivia/js-event-loop-nested-microtask-output	email	contacted	2026-08-22	2026-08-22	2026-08-29	Score 10/10; Semrush AS 47 and about 256K monthly visits; self-canonical indexable article uses followed MDN, LatentFlip, and 2ality references and directly supports a nested-microtask queue-ordering exercise; direct optional-resource email sent and verified in Gmail Sent on 2026-08-22; no immediate bounce; no reply yet	https://blog.openreplay.com/about/
angular.love	angular.love	Angular Love RxJS Interactive Diagrams	editorial	https://angular.love/learn-to-combine-rxjs-sequences-with-super-intuitive-interactive-diagrams	https://frontendatlas.com/angular/trivia/angular-http-what-actually-cancels-request	editorial_pitch	candidate		2026-08-22		Score 8/10; Semrush AS 33 and about 36.2K monthly visits; self-canonical index,follow article uses followed RxJS and MDN references and fits a production switchMap HTTP-cancellation exercise; the older donor requires a substantive refresh or new-contribution angle; registry, active-referrer, and Gmail checks are clear; no outreach sent	https://angular.love/become-author
levelaccess.com	www.levelaccess.com	Level Access Keyboard and Voice Navigation	editorial	https://www.levelaccess.com/blog/the-importance-of-keyboard-accessibility-why-aria-widgets-dont-work-as-expected-in-voice-navigation-software/	https://frontendatlas.com/incidents/modal-screen-reader-failure	form	candidate		2026-08-22		Score 10/10; Semrush AS 45 and about 196K monthly visits; self-canonical index,follow article has a followed WebAIM reference and directly matches dialog focus trap, Escape, and focus-restoration failures; commercial-vendor risk requires a strictly educational incident pitch; registry, active-referrer, and Gmail checks are clear; no outreach sent	https://www.levelaccess.com/contact/
debugbear.com	www.debugbear.com	DebugBear Long Animation Frames	editorial	https://www.debugbear.com/blog/long-animation-frames	https://frontendatlas.com/incidents/search-typing-lag	email	contacted	2026-08-22	2026-08-22	2026-08-29	Score 9/10; Semrush AS 48 and about 315K monthly visits; self-canonical indexable guide links the W3C LoAF explainer without nofollow and maps long-main-thread diagnostics to the runnable search-input-lag incident; editorial-routing email sent without a FrontendAtlas URL and verified in Gmail Sent on 2026-08-22; no immediate bounce; no reply yet	https://www.debugbear.com/contact
deque.com	www.deque.com	Deque ARIA Modal Alert Dialogs	editorial	https://www.deque.com/blog/aria-modal-alert-dialogs-a11y-support-series-part-2/	https://frontendatlas.com/incidents/modal-screen-reader-failure	form	candidate		2026-08-22		Score 9/10; Semrush AS 39 and about 175K monthly visits; self-canonical index,follow article uses followed W3C ARIA references and directly fits a testable screen-reader modal failure; the older ARIA 1.1 references make a current update angle essential; registry, active-referrer, and Gmail checks are clear; no outreach sent	https://accessibility.deque.com/contact
equalizedigital.com	equalizedigital.com	Equalize Digital GiveWP Accessibility Audit	editorial	https://equalizedigital.com/auditing-givewp-for-accessibility-alex-stine/	https://frontendatlas.com/incidents/modal-screen-reader-failure	editorial_pitch	candidate		2026-08-22		Score 9/10; Semrush AS 32 and about 18.1K monthly visits; self-canonical index,follow 2025 audit uses followed MDN and NV Access references and describes the same unannounced-modal and lost-focus failure; the open contributor route favors a new case study over a link update; registry, active-referrer, and Gmail checks are clear; no outreach sent	https://equalizedigital.com/call-for-speakers-wordpress-accessibility-meetup-2026/
logrocket.com	blog.logrocket.com	LogRocket useEffect Cleanup Guide	editorial	https://blog.logrocket.com/understanding-react-useeffect-cleanup-function/	https://frontendatlas.com/incidents/stale-search-race	editorial_pitch	candidate		2026-08-22		Score 9/10; Semrush AS 56 and about 703K monthly visits; self-canonical index,follow article covers AbortController, fetch cancellation, and stale async state and has a followed React pull-request reference; exact incident fit, but the official guest-author program is currently closed to new applications; registry, active-referrer, and Gmail checks are clear; no outreach sent	https://blog.logrocket.com/become-a-logrocket-guest-author/
netlify.com	www.netlify.com	Netlify AI Development Workflow Observability	editorial	https://www.netlify.com/blog/create-deploy-run-ai-across-your-development-workflow/	https://frontendatlas.com/system-design/ai-agent-run-inspector	form	candidate		2026-08-22		Score 9/10; Semrush AS 65 and about 24.8M monthly visits; self-canonical indexable 2025 article links external resources without nofollow and directly covers request traces, logs, latency, errors, and agent feedback loops; official contact is general rather than editorial; registry, active-referrer, and Gmail checks are clear; no outreach sent	https://www.netlify.com/contact/
github.blog	github.blog	GitHub Agentic Workflows Security Architecture	editorial	https://github.blog/ai-and-ml/generative-ai/under-the-hood-security-architecture-of-github-agentic-workflows/	https://frontendatlas.com/system-design/ai-agent-run-inspector	unknown	candidate		2026-08-22		Score 8/10; Semrush AS 57 and about 1.7M monthly visits; self-canonical index,follow article is a direct architecture match and its github.com references are followed, but independent third-party outbound-link precedent and an open editorial intake were not observed; registry, active-referrer, and Gmail checks are clear; no outreach sent	https://github.com/about/press
igotanoffer.com	igotanoffer.com	IGotAnOffer System Design Interview Guide	editorial	https://igotanoffer.com/blogs/tech/system-design-interviews	https://frontendatlas.com/guides/system-design-blueprint/radio-framework	email	candidate		2026-08-22		Score 9/10; Semrush AS 39, 35.6K US organic traffic, and 1.9K referring domains; self-canonical index,follow guide updated 2026-08-10 uses followed ByteByteGo, Dev.to, Medium, Substack, and YouTube references and lacks a frontend-specific decision framework; commercial coaching is the main risk; registry, active-referrer, and Gmail checks are clear; no outreach sent	https://igotanoffer.com/en/about
telerik.com	www.telerik.com	Telerik Silent AI Agent Failure Taxonomy	editorial	https://www.telerik.com/blogs/when-status-ok-still-failure-taxonomy-silent-ai-agent-breakage-how-detect	https://frontendatlas.com/system-design/ai-agent-run-inspector	form	candidate		2026-08-22		Score 9/10; Semrush AS 53 and about 792K monthly visits; self-canonical indexable 2026 article links a GitHub demo without nofollow and directly covers trace trees, tool-call data, semantic failures, and evaluation signals; commercial observability-product framing and a general contact channel are the risks; registry, active-referrer, and Gmail checks are clear; no outreach sent	https://www.telerik.com/contact
springboard.com	www.springboard.com	Springboard Programmer Resume Guide	editorial	https://www.springboard.com/blog/software-engineering/programmer-resume/	https://frontendatlas.com/tools/cv	editorial_pitch	closed		2026-08-22		Exact target already has a verified live_link, so the target-level stop rule applies; the current Contact page offers student, mentor, candidate, and press routes but no eligible editorial or general-feedback route; no outreach sent	https://www.springboard.com/contact/
educative.io	www.educative.io	Educative Coding Interview Strategy	editorial	https://www.educative.io/blog/a-strategic-plan-for-your-next-coding-interview	https://frontendatlas.com/guides/interview-blueprint/coding-interviews	editorial_pitch	candidate		2026-08-22		Score 9/10; Semrush AS 46, 160.5K US organic traffic, and 11.7K referring domains; self-canonical index,follow guide uses followed coding-interview roadmap links and directly fits a structured frontend coding-interview plan; commercial interview-prep competition is the main risk; registry, active-referrer, and Gmail checks are clear; no outreach sent	https://www.educative.io/become-an-educative-author
uxdesigninstitute.com	www.uxdesigninstitute.com	UX Design Institute CV Templates	editorial	https://www.uxdesigninstitute.com/blog/ux-designer-cv-templates/	https://frontendatlas.com/tools/cv	form	candidate		2026-08-22		Score 8/10; Semrush AS 45 and about 129K monthly visits; self-canonical index,follow guide links external CV tools without nofollow and can support a developer-facing CV evaluation companion; UX-designer adjacency and the lack of a dedicated editorial intake are the principal risks; registry, active-referrer, and Gmail checks are clear; no outreach sent	https://www.uxdesigninstitute.com/contact-us
missburrg.com	missburrg.com	missburrg.com Semrush active backlink	referring_domain_snapshot	http://missburrg.com/all/6/23.html	https://frontendatlas.com	semrush_snapshot	existing_ref_domain		2026-08-22	2026-09-05	New active Semrush referring domain absent from the prior registry; AS 2 source has Page AS 0, about 3K external links, and an explicit PBN/link-building title, so it is recorded only for suppression and must never be pursued	https://www.semrush.com/analytics/refdomains/report/?q=frontendatlas.com&searchType=domain
muwiserver.synology.me	muwiserver.synology.me	Christoph Reuter AI Tools Mirror	referring_domain_snapshot	https://muwiserver.synology.me/ai.htm	https://frontendatlas.com/tools/cv	semrush_snapshot	existing_ref_domain		2026-08-22	2026-09-05	New active Semrush referring domain absent from the prior registry; AS 11 indexable resource page links the CV tool contextually and is a mirror distinct from the already-governed univie.ac.at host; suppress duplicate outreach and recheck persistence	https://www.semrush.com/analytics/refdomains/report/?q=frontendatlas.com&searchType=domain
devresourc.es	devresourc.es	Dev Resources FrontendAtlas Listing	referring_domain_snapshot	https://devresourc.es/resource/frontendatlas/b60yy5ac	https://frontendatlas.com	semrush_snapshot	existing_ref_domain		2026-08-22	2026-09-05	Direct browser verification found a self-canonical index,follow live listing with a contextual followed FrontendAtlas CTA; the CTA tracking parameters were normalized out of the governed target URL; already a donor, so suppress all new outreach	https://devresourc.es/resource/frontendatlas/b60yy5ac
vercel.com	vercel.com	Vercel AI Agent Observability suppression	editorial	https://vercel.com/i/ai-agent-observability	https://frontendatlas.com/system-design/ai-agent-run-inspector	email	closed		2026-08-22		Gmail Sent search by the distinctive organization name found prior outreach evidence during the 2026-08-22 check; the exact domain query, message date, address, and content were not retained; closed conservatively to prevent duplicate outreach	https://vercel.com/i/ai-agent-observability
interviewing.io	interviewing.io	Interviewing.io System Design Guide suppression	editorial	https://interviewing.io/guides/system-design-interview/part-four	https://frontendatlas.com/guides/system-design-blueprint/radio-framework	email	closed		2026-08-22		Gmail Sent search by exact domain found prior outreach evidence during the 2026-08-22 check; message date, address, and content were not retained; closed to prevent duplicate outreach	https://iiosurveys.typeform.com/to/duEP4C4T
builtin.com	builtin.com	Built In Technical Interview Guide suppression	editorial	https://builtin.com/software-engineering-perspectives/technical-interview-questions	https://frontendatlas.com/interview-questions/essential	email	closed		2026-08-22		Gmail Sent search by exact domain found prior outreach evidence during the 2026-08-22 check; message date, address, and content were not retained; closed to prevent duplicate outreach	https://builtin.com/expert-contributors
careeraddict.com	www.careeraddict.com	CareerAddict Resume Builders suppression	editorial	https://www.careeraddict.com/free-cv-resume-builders	https://frontendatlas.com/guides/interview-blueprint/resume	email	scheduled		2026-08-22		Gmail Scheduled search by the distinctive organization name found an existing scheduled outreach item during the 2026-08-22 check; the exact domain query was empty and the send date, address, and content were not retained; suppress duplicate outreach and leave the pre-existing schedule untouched	https://www.careeraddict.com/publish
arc.dev	arc.dev	Arc Resume Builders suppression	editorial	https://arc.dev/talent-blog/best-resume-builders/	https://frontendatlas.com/tools/cv	email	closed		2026-08-22		Gmail Sent search by the ambiguous organization label produced a possible prior-outreach trace, while exact-domain and Arc.dev phrase checks were empty; closed conservatively under the uncertain-history suppression rule; message details were not retained	https://arc.dev/talent-blog/authors/
roadmap.sh	roadmap.sh	Roadmap.sh JavaScript Interview Questions	editorial	https://roadmap.sh/questions/javascript	https://frontendatlas.com/guides/interview-blueprint/javascript-interviews	email	deferred		2026-08-23	2026-09-10	Semrush AS 59 and about 5.5M monthly visits; live self-canonical indexable donor uses followed LeetCode and HackerRank references and exactly fits the interview-pattern target; Gmail and the current 97-domain Semrush referring-domain view are clear, but the target's active 2026-08-03 title experiment must remain isolated through the conservative 2026-09-10 recheck; no outreach sent	https://roadmap.sh/support
formspree.io	formspree.io	Formspree HTML Form Action	editorial	https://formspree.io/blog/html-form-action/	https://frontendatlas.com/html/trivia/html-form-default-method	form	submitted	2026-08-23	2026-08-23	2026-08-30	Semrush AS 38 and about 1.4M monthly visits; live exact-fit guide has an omitted and invalid method teaching gap and an embedded Got Feedback form; Gmail and the current 97-domain Semrush referring-domain view were clear; the user completed the mandatory CAPTCHA and confirmed seeing the explicit Formspree success receipt on 2026-08-23; publication plus a direct followed link remain pending	https://formspree.io/blog/html-form-action/
saeloun.com	blog.saeloun.com	Saeloun React 18 Undefined Rendering	editorial	https://blog.saeloun.com/2022/04/14/react-18-allows-components-to-render-undfined/	https://frontendatlas.com/react/trivia/react-render-nothing-return-value	email	contacted	2026-08-24	2026-08-24	2026-08-31	Semrush AS 30 and about 6.7K monthly visits; day-of-send registry and Gmail Sent, Drafts, and Scheduled checks were clear and the current 99-domain Semrush view returned no saeloun.com donor; donor and public target remained self-canonical and indexable with followed contextual React references; an existing-page clarification and supporting-resource suggestion was sent through the verified public author route and confirmed in Gmail Sent on 2026-08-24; no immediate bounce or reply was visible	https://blog.saeloun.com/authors/chetan/
react.dev	react.dev	React Conditional Rendering	official_docs	https://react.dev/learn/conditional-rendering	https://frontendatlas.com/react/trivia/react-render-nothing-return-value	issue	deferred		2026-08-24	2026-08-31	Semrush AS 64 and about 1.2M organic traffic; current official docs leave a precise React 18 undefined-return clarification opportunity and the public docs repository accepts improvements; defer behind the seven-day Saeloun same-target outcome gate and open only a substantive documentation issue, never a link-only issue or pull request; stop permanently if Saeloun becomes human_positive, published, or live_link	https://github.com/reactjs/react.dev
cloudflare.com	developers.cloudflare.com	Cloudflare Pages HTML Forms	official_docs	https://developers.cloudflare.com/pages/tutorials/forms/	https://frontendatlas.com/html/trivia/html-form-default-method	issue	deferred		2026-08-23	2026-08-30	Semrush AS 84 and about 105M monthly visits; current official Pages forms tutorial has followed MDN and GitHub references plus public Edit page and Report issue controls; Gmail and the current 97-domain Semrush referring-domain view were clear; the same-target Formspree suggestion was submitted on 2026-08-23, so defer through its seven-day outcome check and stop permanently if it becomes human_positive, published, or live_link; otherwise proceed only with an independently useful default-method documentation issue, never a link-only contribution	https://developers.cloudflare.com/pages/tutorials/forms/
ya.ru	ya.ru	Yandex Neurum EventEmitter lost backlink	referring_domain_snapshot	https://ya.ru/neurum/c/tehnologii/q/v_chem_zaklyuchayutsya_preimuschestva_ispolzovaniya_d4cd3070	https://frontendatlas.com	semrush_snapshot	closed		2026-08-23		Semrush showed a historical FrontendLead citation that is now lost; the exact Neurum question redirects to a 404 with noindex, current sources are selected algorithmically from Yandex Search rather than through outreach, and FrontendAtlas's analogous EventEmitter route is premium and noindex; suppress this unstable non-editorial surface and do not attempt outreach or query manipulation	https://webmaster.yandex.ru/blog/yandeks-zapustil-neyro-kak-on-rabotaet
indeed.com	www.indeed.com	Indeed Angular Interview Questions	editorial	https://www.indeed.com/career-advice/interviewing/angular-interview-questions	https://frontendatlas.com/guides/framework-prep/angular-prep-path	email	contacted	2026-08-24	2026-08-24	2026-08-31	Score 8/10; Semrush AS 100 with about 152.2M US organic traffic and 315984 referring domains; day-of-send exact FrontendAtlas Gmail-history checks were clear despite unrelated historical Indeed mail and the current 99-domain Semrush view returned no indeed.com donor; live self-canonical staff-edited Angular interview guide exactly fits a high-impression public target; a structured-practice improvement suggestion was sent through the direct correction email published on the official Editorial Team page and verified in Gmail Sent on 2026-08-24; no contextual third-party outbound-link precedent was found, so this remains a high-value low-probability moonshot	https://www.indeed.com/career-advice/author/indeed-editorial-team
sitepoint.com	www.sitepoint.com	SitePoint Angular Change Detection	editorial	https://www.sitepoint.com/change-detection-angular/	https://frontendatlas.com/angular/trivia/angular-lifecycle-constructor-oninit-afterviewinit-dom	email	contacted	2026-08-24	2026-08-24	2026-08-31	Score 9/10; Semrush AS 55 with about 262.8K US organic traffic and 45940 referring domains; day-of-send registry and FrontendAtlas Gmail-history checks were clear and the current 99-domain Semrush view returned no sitepoint.com donor; live self-canonical guide explains OnInit, child views, and AfterViewInit with followed contextual references and the public target remained indexable; an optional hands-on lifecycle resource suggestion was sent through the direct general-feedback email published on the official Contact page and verified in Gmail Sent on 2026-08-24; guest-author, advertising, and newsletter routes were not used	https://www.sitepoint.com/contact-us/
scrimba.com	scrimba.com	Scrimba Frontend Interview Prep Guide 2026	editorial	https://scrimba.com/articles/frontend-interview-prep-guide-2026/	https://frontendatlas.com/guides/framework-prep/react-prep-path	form	submitted	2026-08-24	2026-08-24	2026-08-31	Score 9/10; Semrush AS 49 with about 70.6K US organic traffic and 5888 referring domains; day-of-action registry and FrontendAtlas Gmail-history checks were clear and the current 99-domain Semrush view returned no scrimba.com donor; live self-canonical indexable 2026 guide includes a React section, a four-week plan, and followed independent references; an improvement suggestion was submitted through the official no-login content-feedback Typeform and the explicit team-review success screen was verified on 2026-08-24; direct training-competitor and no-reply-channel risks remain	https://scrimba.helpscoutdocs.com/article/48-feedback-and-suggestions
angular-university.io	blog.angular-university.io	Angular University Higher-Order RxJS Mapping	editorial	https://blog.angular-university.io/rxjs-higher-order-mapping/	https://frontendatlas.com/angular/trivia/rxjs-switchmap-mergemap-exhaustmap-concatmap-angular-when-to-use	email	contacted	2026-08-24	2026-08-24	2026-08-31	Score 9/10; Semrush AS 36 with about 6.5K US organic traffic and 2012 referring domains; day-of-send registry and FrontendAtlas Gmail-history checks were clear and the current 99-domain Semrush view returned no angular-university.io donor; live self-canonical guide exactly compares the four operators with followed contextual GitHub examples and the public target remained indexable; an existing-page optional-practice suggestion was sent through the direct public feedback email published on the official Contact page and verified in Gmail Sent on 2026-08-24; no immediate reply was visible and direct course-competitor risk remains	https://angular-university.io/feedback
vueschool.io	vueschool.io	Vue School What Employers Want in Vue Developers	editorial	https://vueschool.io/articles/news/what-employers-are-looking-for-in-a-good-vue-developer/	https://frontendatlas.com/guides/framework-prep/vue-prep-path	email	human_positive	2026-08-24	2026-08-25	2026-08-31	Score 9/10; Semrush AS 32 with about 4.8K US organic traffic and 3278 referring domains; day-of-send registry and FrontendAtlas Gmail-history checks were clear and the current 99-domain Semrush view returned no vueschool.io donor; a genuine human reply said the free preparation path was relevant and would be reviewed for a future article update, but no public link is yet verified; the user’s non-commercial reply was verified in Gmail Sent on 2026-08-25; keep as human_positive pending public href verification	https://vueschool.io/about-us
greatfrontend.com	www.greatfrontend.com	GreatFrontEnd React Learning Guide suppression	editorial	https://www.greatfrontend.com/blog/how-to-learn-react	https://frontendatlas.com/guides/framework-prep/react-prep-path	email	closed	2026-08-21	2026-08-23		Gmail Sent search found multiple prior FrontendAtlas outreach threads, including activity on 2026-03-13, 2026-03-22, 2026-08-14, 2026-08-20, and 2026-08-21; closed to suppress duplicate outreach; addresses and message content were not retained	https://www.greatfrontend.com/blog/how-to-learn-react
104.com.tw	nabi.104.com.tw	104 Learning GreatFrontEnd promotional post	ugc	https://nabi.104.com.tw/posts/nabi_post_00819d58-2b20-45e2-a850-0cd223ff0ac2	https://frontendatlas.com	semrush_snapshot	excluded		2026-08-23		Exact GFE link is contextual and the page is canonical and indexable, but the link carries rel=ugc on a user-published social post; Semrush root AS 77 and 20.5K referring domains do not transfer to the exact Page AS 0; no eligible editorial resource-suggestion route was found; the FrontendAtlas root is a suppression placeholder and no outreach was sent	https://nabi.104.com.tw/posts/nabi_post_00819d58-2b20-45e2-a850-0cd223ff0ac2
note.com	note.com	note yugo.spice frontend interview post	ugc	https://note.com/rabspice/n/n0ff4584cbb2f	https://frontendatlas.com	semrush_snapshot	excluded		2026-08-23		Exact GFE link is contextual on a canonical and indexable author post, but it carries rel=nofollow; Semrush root AS 97 and 215K referring domains do not override the exact Page AS 22 or user-published platform grain; the FrontendAtlas root is a suppression placeholder; retain only as a possible Japanese referral experiment and do not pursue for SEO outreach	https://note.com/rabspice/n/n0ff4584cbb2f
betulcrime.com	betulcrime.com	Betul Crime Semrush active backlink	referring_domain_snapshot	https://betulcrime.com/	https://frontendatlas.com	semrush_snapshot	existing_ref_domain		2026-08-24	2026-09-05	New active Semrush referring domain absent from the registry; root AS 4 and off-topic mass-media context make it suppression-only; the exact source URL was not backfilled and no outreach should be attempted	https://www.semrush.com/analytics/refdomains/report/?q=frontendatlas.com&searchType=domain
betwinnermirror.com	betwinnermirror.com	BetWinner Mirror Semrush active backlink	referring_domain_snapshot	https://betwinnermirror.com/	https://frontendatlas.com	semrush_snapshot	existing_ref_domain		2026-08-24	2026-09-05	New active Semrush referring domain absent from the registry; root AS 2 and an off-topic gambling-mirror context make it suppression-only; the exact source URL was not backfilled and no outreach should be attempted	https://www.semrush.com/analytics/refdomains/report/?q=frontendatlas.com&searchType=domain
frontendchecklist.io	frontendchecklist.io	Front-End Checklist list virtualization benchmark fit	resource_library	https://frontendchecklist.io/rules/performance/list-virtualization	https://frontendatlas.com/research/infinite-scroll-performance-benchmark	issue	submitted		2026-08-24	2026-09-05	Score 8/10; Semrush root AS 6 with zero measured organic traffic and exact Page AS not observed; day-of-action registry and Gmail Sent Drafts Scheduled checks were clear and the current Semrush referring-domain view returned no frontendchecklist.io donor; the live self-canonical rule has followed Sources and Resources precedents and directly covers DOM nodes memory scrolling and interaction cost; a public pre-publication fit inquiry was submitted through the official GitHub issue channel and explicitly stated that the benchmark is not yet published and no link review paid placement or particular rel treatment is requested	https://github.com/thedaviddias/Front-End-Checklist/issues/740
awesome-wpo.dev	awesome-wpo.dev	Awesome WPO infinite-scroll benchmark fit	resource_library	https://awesome-wpo.dev/	https://frontendatlas.com/research/infinite-scroll-performance-benchmark	issue	submitted		2026-08-24	2026-09-05	Score 8/10; Semrush root AS 2 with zero measured organic traffic and exact Page AS not observed; day-of-action registry and Gmail Sent Drafts Scheduled checks were clear and the current Semrush referring-domain view returned no awesome-wpo.dev donor; the live canonical resource site has a Benchmarks section and followed external-resource precedent while its current contribution guide explicitly permits an issue before a pull request; a public pre-publication fit inquiry was submitted through the official GitHub issue channel and explicitly stated that the benchmark is not yet published and no link review paid placement or particular rel treatment is requested	https://github.com/davidsonfellipe/awesome-wpo/issues/281
computerwoche.de	www.computerwoche.de	Computerwoche React Tutorial	editorial	https://www.computerwoche.de/article/4144312/react-ein-tutorial.html	https://frontendatlas.com/react/trivia/react-strictmode-double-invoke-effects	email	deferred		2026-08-24	2026-10-01	Score 9.5/10; Semrush Page AS 53, root AS 48, and about 193K monthly visits; registry, Gmail Sent Drafts Scheduled, current active-referrer, and GSC Links checks were clear; the live self-canonical indexable tutorial has followed contextual React, Vite, and PlayCode references and exactly fits the public target, but the official Redaktion contact link no longer exposes a working editorial message route; no outreach sent and customer-service, press, publisher-address, and phone routes remain ineligible	https://www.computerwoche.de/redaktion/
reactnative.dev	reactnative.dev	React Native Fast Refresh	official_docs	https://reactnative.dev/docs/fast-refresh	https://frontendatlas.com/react/trivia/react-strictmode-double-invoke-effects	issue	submitted	2026-08-24	2026-08-24	2026-09-07	Score 9.5/10; Semrush Page AS 49, root AS 60, and about 580K monthly visits; registry, Gmail Sent Drafts Scheduled, current active-referrer, and GSC Links checks were clear; a substantive official-docs issue distinguishing Fast Refresh effect reruns from Strict Mode checks was opened through the signed-in GitHub form and remained open after verification; the FrontendAtlas exercise is optional, the official React reference is primary, and no pull request was opened	https://github.com/react/react-native-website/issues/5217
expo.dev	docs.expo.dev	Expo Local-first Guide	official_docs	https://docs.expo.dev/guides/local-first/	https://frontendatlas.com/system-design/offline-email-client	issue	submitted	2026-08-24	2026-08-24	2026-09-07	Score 9/10; Semrush Page AS 14, root AS 58, and about 7.5M monthly visits; registry, Gmail Sent Drafts Scheduled, current active-referrer, and GSC Links checks were clear; the initial issue was automatically closed for missing form context, then the correct Documentation Bug form created an open docs-labeled issue clarifying remote acknowledgement and idempotent retries; the case study is optional and no pull request was opened	https://github.com/expo/expo/issues/49303
finalroundai.com	www.finalroundai.com	Final Round AI Behavioral Interview Tips	editorial	https://www.finalroundai.com/blog/ace-your-behavioral-interviews-key-preparation-tips	https://frontendatlas.com/guides/behavioral/intro	form	planned_not_sent		2026-08-24	2026-09-05	Score 8.5/10; Semrush Page AS 11, root AS 48, and about 442K monthly visits; registry, Gmail Sent Drafts Scheduled, current active-referrer, and GSC Links checks were clear; the approved routing-only message contained no FrontendAtlas URL, but the official contact form returned the same explicit network error on the initial attempt and one controlled retry; no success receipt exists, no channel switch was made, and the opportunity is not treated as submitted	https://www.finalroundai.com/contact
talkjs.com	talkjs.com	TalkJS Accessible Chat Applications	editorial	https://talkjs.com/resources/building-accessible-chat-applications-with-a-small-dev-team/	https://frontendatlas.com/system-design/ai-chat-textarea-design	form	submitted	2026-08-24	2026-08-24	2026-08-31	Score 8/10 reserve; Semrush exact Page AS 6, root AS 28, and about 26.2K monthly visits; registry, Gmail Sent Drafts Scheduled, current active-referrer, and GSC Links checks were clear; the article-directed accessibility-feedback message was sent through the official no-login team chat and verified in the conversation with a timestamp; it disclosed project ownership and requested no paid placement or rel attribute; the sales form was not used	https://talkjs.com/?chat
nngroup.com	www.nngroup.com	NNG Infinite Scrolling Tips	editorial	https://www.nngroup.com/articles/infinite-scrolling-tips/	https://frontendatlas.com/research/infinite-scroll-performance-benchmark	email	deferred		2026-08-24	2026-09-18	Score 10/10; Semrush Page AS 61, root AS 63, and about 911K monthly visits; registry, Gmail Sent Drafts Scheduled, current active-referrer, and GSC Links checks were clear; defer behind the benchmark publication and indexability gate plus two active same-target submissions; the official Contact page routes content ideas through general email rather than a form; no outreach sent	https://www.nngroup.com/about/contact/
mui.com	mui.com	MUI X Data Grid Virtualization	official_docs	https://mui.com/x/react-data-grid/virtualization/	https://frontendatlas.com/research/infinite-scroll-performance-benchmark	issue	deferred		2026-08-24	2026-09-18	Score 9/10; Semrush Page AS 13, root AS 57, and about 1.1M monthly visits; registry, Gmail Sent Drafts Scheduled, current active-referrer, and GSC Links checks were clear; defer behind the benchmark publication and indexability gate plus two active same-target submissions; any future issue must improve the documentation independently and never be link-only; no action taken	https://github.com/mui/mui-x/issues
handsontable.com	handsontable.com	Handsontable Data Grid Accessibility	official_docs	https://handsontable.com/docs/javascript-data-grid/accessibility/	https://frontendatlas.com/research/infinite-scroll-performance-benchmark	issue	deferred		2026-08-24	2026-09-18	Score 8/10 reserve; Semrush Page AS 7, root AS 35, and about 15.3K monthly visits; registry, Gmail Sent Drafts Scheduled, current active-referrer, and GSC Links checks were clear; defer behind the benchmark publication and indexability gate plus two active same-target submissions; any future issue must address a substantive virtualization-accessibility documentation gap and never be link-only; no action taken	https://github.com/handsontable/handsontable/issues
jestjs.io	jestjs.io	Jest Expect Matchers	official_docs	https://jestjs.io/docs/expect	https://frontendatlas.com/javascript/trivia/js-compare-two-objects	issue	deferred		2026-08-24	2026-09-24	Score 9.5/10; Semrush Page AS 55, root AS 46, and about 79.1K monthly visits; registry, Gmail Sent Drafts Scheduled, current active-referrer, and GSC Links checks were clear; defer until the JavaScript comparison target's 35-day measurement window closes; any future issue must independently clarify matcher semantics versus language-level identity and deep equality and never be link-only; no action taken	https://github.com/jestjs/jest/issues
cypress.io	docs.cypress.io	Cypress Assertions Reference	official_docs	https://docs.cypress.io/app/references/assertions	https://frontendatlas.com/javascript/trivia/js-compare-two-objects	issue	deferred		2026-08-24	2026-09-24	Score 9/10; Semrush Page AS 13, root AS 48, and about 187K monthly visits; registry, Gmail Sent Drafts Scheduled, current active-referrer, and GSC Links checks were clear; defer until the JavaScript comparison target's 35-day measurement window closes; any future issue must independently clarify Chai deep equality versus language-level comparison and never be link-only; no action taken	https://github.com/cypress-io/cypress-documentation/issues
javascript.info	javascript.info	JavaScript.info historical outreach suppression	resource_library	https://javascript.info/	https://frontendatlas.com	email	closed	2026-03-21	2026-08-24		Gmail Sent history verified prior FrontendAtlas outreach on 2026-03-21; the exact source page and FrontendAtlas target were not retained, so root URLs are conservative suppression placeholders; the current active-referrer check was clear, but duplicate outreach is permanently suppressed; no address, message content, or private Gmail URL was stored	https://javascript.info/
maryvillecollege.edu	csclub.maryvillecollege.edu	Maryville College CSC resources	academic	https://csclub.maryvillecollege.edu/resources	https://frontendatlas.com/javascript/interview-questions	email	human_positive	2026-04-19	2026-09-19		A human response on 2026-04-23 indicated positive editorial intent, but the current public resources page has no verified FrontendAtlas href; university outreach remains paused History reconciliation 2026-09-19: Verified chronology: first SENT 2026-04-19, human response 2026-04-23, later SENT 2026-04-24, all in the same conversation. Preserve human_positive; no new live-link finding. Target is /javascript/interview-questions as confirmed by the complete HTML href. The previous general university pause has been lifted; prior institutional contact still suppresses new outreach. Full Gmail messages and threads were read; SENT and actual institutional recipients verified. This establishes prior contact, not delivery/read/acceptance. Suppress further contact to this institution under the current task; no new send in this historical reconciliation.	https://csclub.maryvillecollege.edu/resources
yorku.ca	lassonde.yorku.ca	York University co-op forms and resources	university_career	https://lassonde.yorku.ca/co-op/forms-resources/	https://frontendatlas.com/coding	email	human_positive		2026-08-24	2026-09-15	A human response on 2026-03-16 indicated the resource would be reviewed, but no public FrontendAtlas link has been verified; this root is distinct from york.ac.uk and university outreach remains paused	https://lassonde.yorku.ca/co-op/forms-resources/
careerkarma.com	careerkarma.com	Career Karma CSS Exercises	editorial	https://careerkarma.com/blog/css-exercises/	https://frontendatlas.com/css/interview-questions	email	contacted	2026-08-25	2026-08-25	2026-09-01	Registry and prior Gmail history were clear; the live self-canonical indexable guide directly connects CSS exercises with technical interview preparation and uses followed contextual external resources; the published corrections mailbox rejected the initial resource suggestion as undeliverable, so a second link-free request asking only for the current responsible editor was sent through the current official general-inquiry channel, verified in Gmail Sent, and had no immediate bounce; the FrontendAtlas URL was not included in the delivered routing request; current Semrush referring-domain and GSC Links checks were unavailable and no metrics were inferred	https://careerkarma.com/company/
sysdesai.com	www.sysdesai.com	SysDesAI System Design Resources	resource_library	https://www.sysdesai.com/resources	https://frontendatlas.com/guides/system-design-blueprint	form	closed		2026-08-25		Registry and prior Gmail history were clear; the live self-canonical indexable page explicitly invites independently reviewed suggestions without affiliate or paid featuring; the published contact mailbox rejected the initial message because the recipient server was misconfigured; after explicit approval, one request using the official form contract was made to the same-origin feedback endpoint, but it returned HTTP 500 with no success receipt; no automatic retry was attempted because delivery could not be ruled out; current Semrush referring-domain and GSC Links checks were unavailable and no metrics were inferred	https://www.sysdesai.com/contact
accessibility.build	accessibility.build	Accessibility.build Resources Hub	resource_library	https://accessibility.build/resources	https://frontendatlas.com/html/trivia/web-accessibility-make-page-accessible	form	planned_not_sent		2026-08-25	2026-09-05	Registry and prior Gmail history were clear; the live self-canonical indexable community-curated hub explicitly invites missing-resource suggestions and its Learning and Development cards use followed contextual links; the published contact mailbox rejected the initial suggestion as undeliverable; the official form depends on a browser-bound Formspree session and anti-spam flow, so no direct request was attempted and no success receipt exists while the browser UI remains unavailable; Google crawling is allowed but SemrushBot and AhrefsBot are blocked, and current Semrush referring-domain and GSC Links checks were unavailable, so authority metrics were not inferred	https://accessibility.build/contact
eslint.org	eslint.org	ESLint eqeqeq suggestion safety clarification	official_docs	https://eslint.org/docs/latest/rules/eqeqeq	https://frontendatlas.com/javascript/trivia/js-equality-vs-strict-equality	pull_request	closed	2026-08-25	2026-09-01		Public issue 21254 was accepted on 2026-08-25 and led to public PR 21256, which was approved and merged the same day; the completed documentation contribution intentionally uses only a primary MDN reference and contains no FrontendAtlas link, so the backlink opportunity is closed without live_link. Prior stage: the maintainer accepted the documentation gap and invited a pull request; the merged contribution clarifies eqeqeq suggestion behavior.	https://github.com/eslint/eslint/pull/21256
ubbcluj.ro	www.cs.ubbcluj.ro	Babeș-Bolyai Web Programming	academic	https://www.cs.ubbcluj.ro/~forest/wp/	https://frontendatlas.com/angular/interview-questions	email	contacted	2026-08-25	2026-08-25	2026-09-01	Score 8.5/10; day-of-send registry and Gmail Sent Drafts Scheduled checks were clear; the fully reconciled 2026-08-24 Semrush snapshot contained 91 active referring domains with none missing from the registry and no ubbcluj.ro donor; the current 2025-2026 English donor page is HTTP 200 with safe absent canonical, normal followed external links, an Angular plus PHP module, theoretical exam questions, and current faculty ownership; the public self-canonical target had 866 GSC impressions at average position 18.6 in the latest completed exact-page window; a course-specific free companion suggestion was sent through the official faculty route, verified in Gmail Sent, and had no immediate bounce	https://www.cs.ubbcluj.ro/~forest/wp/
iitm.ac.in	study.iitm.ac.in	IIT Madras Modern Application Development II	academic	https://study.iitm.ac.in/ds/course_pages/BSCS2006.html	https://frontendatlas.com/vue/interview-questions	email	contacted	2026-08-25	2026-08-25	2026-09-01	Score 8/10; day-of-send registry and Gmail Sent Drafts Scheduled checks were clear; the fully reconciled 2026-08-24 Semrush snapshot contained 91 active referring domains with none missing from the registry and no iitm.ac.in donor; the live English institutional course page is HTTP 200 with safe absent canonical, no noindex signal, normal followed course references, current course ownership, and Weeks 4 through 7 covering Vue, APIs, advanced Vue, and state management; the public self-canonical target is in the sitemap and had 2080 GSC impressions at average position 18.4 in the latest completed exact-page window; a course-specific free companion suggestion was sent through the official current co-instructor faculty route, verified in Gmail Sent, and had no immediate bounce	https://study.iitm.ac.in/ds/course_pages/BSCS2006.html
wpaccessibility.org	wpaccessibility.org	WP Accessibility Infinite Scroll guidance	official_docs	https://wpaccessibility.org/docs/topics/design/avoid/infinite-scroll/	https://frontendatlas.com/system-design/infinite-scroll-list	form	human_positive	2026-08-25	2026-09-01	2026-09-08	The public knowledge-base form accepted the affiliation-disclosed suggestion, and a human reply on 2026-08-26 confirmed that the resource would be reviewed for possible use; this is positive editorial intent rather than publication, and the live page still has no verified FrontendAtlas href; private reply text and addresses are not stored. Historical submission record (2026-08-25): Day-of-action registry and Gmail history checks were clear; the live knowledge-base page is HTTP 200 and indexable, and its cited external example uses a direct followed href; an affiliation-disclosed suggestion framed as an accessible Load More fallback with a persistent URL and bounded DOM was submitted through the public knowledge-base form, which returned a thank-you receipt; no paid placement, reciprocal link, or rel treatment was requested; live placement is not yet verified and the absent canonical remains a technical risk; Semrush live checking was skipped by user instruction.	https://make.wordpress.org/accessibility/accessibility-knowledge-base-contact/
codethedream.org	codethedream.org	Code the Dream Pre-work Resources	resource_library	https://codethedream.org/prework-resources/	https://frontendatlas.com/react/interview-questions	email	contacted	2026-08-25	2026-08-25	2026-09-01	Day-of-action registry and Gmail Sent checks were clear; the live nonprofit pre-work page is indexable and contains direct followed learning-resource links; a concise affiliation-disclosed React interview-practice suggestion was sent through the official admissions channel, verified in Gmail Sent, and had no immediate bounce; no paid placement, reciprocal link, or rel treatment was requested; acceptance and live link status remain unverified; Semrush live checking was skipped by user instruction	https://codethedream.org/prework-resources/
perscholas.org	perscholas.org	Per Scholas Software Engineer resources	resource_library	https://perscholas.org/courses/software-engineer/	https://frontendatlas.com/react/interview-questions	email	contacted	2026-08-25	2026-08-25	2026-09-01	Day-of-action registry and Gmail Sent checks were clear; the current nonprofit software-engineering program and associated learner resources provide a relevant contextual gap; the public inquiry form required human reCAPTCHA and was not submitted, so the same affiliation-disclosed suggestion was sent once through the organization’s published general-information mailbox, verified in Gmail Sent, and had no immediate bounce; no paid placement, reciprocal link, or rel treatment was requested; acceptance and live link status remain unverified; Semrush live checking was skipped by user instruction	https://perscholas.org/about-per-scholas/contact/
adadevelopersacademy.org	adadevelopersacademy.org	Ada Core React interview practice	resource_library	https://adadevelopersacademy.org/ada-core/	https://frontendatlas.com/react/interview-questions	email	contacted	2026-08-25	2026-08-25	2026-09-01	Day-of-action registry and Gmail Sent checks were clear; the live nonprofit curriculum page and its maintained external resources provide a relevant React-career preparation gap; a concise affiliation-disclosed resource suggestion was sent through the official general-inquiries channel, verified in Gmail Sent, and had no immediate bounce; no paid placement, reciprocal link, or rel treatment was requested; acceptance and live link status remain unverified; Semrush live checking was skipped by user instruction	https://adadevelopersacademy.org/contact-us/
codeplatoon.org	www.codeplatoon.org	Code Platoon React interview FAQ resource	resource_library	https://www.codeplatoon.org/frequently-asked-questions	https://frontendatlas.com/react/interview-questions	email	contacted	2026-08-25	2026-08-25	2026-09-01	Day-of-action registry and Gmail Sent checks were clear; the current nonprofit program FAQ contains a natural interview-preparation context and direct followed institutional references; the public HubSpot form required human reCAPTCHA and was not submitted, so the affiliation-disclosed suggestion was sent once through the organization’s published general-information mailbox, verified in Gmail Sent, and had no immediate bounce; no paid placement, reciprocal link, or rel treatment was requested; acceptance and live link status remain unverified; Semrush live checking was skipped by user instruction	https://www.codeplatoon.org/contact-us
rs.school	rs.school	RS School React curriculum resource	open_source_resource	https://rs.school/courses/reactjs	https://frontendatlas.com/react/interview-questions	form	submitted	2026-08-25	2026-08-25	2026-09-01	Day-of-action registry and Gmail history checks were clear; the current free open-source React curriculum is indexable and its maintained off-GitHub learning references use direct followed links; an affiliation-disclosed educational-resource suggestion was submitted through the official contribution intake form without claiming a volunteer role, and the form confirmed that the response was recorded; no account was created and no paid placement, reciprocal link, or rel treatment was requested; live placement remains unverified; Semrush live checking was skipped by user instruction	https://docs.google.com/forms/d/e/1FAIpQLSdGKdEHK1CnZjgll9PpMU0xD1m0hm6xGoXc98H7woCDulyQkg/viewform
learnhowtoprogram.com	full-time.learnhowtoprogram.com	Epicodus React whiteboarding curriculum	resource_library	https://full-time.learnhowtoprogram.com/react/react-with-nosql/a-guide-to-whiteboarding	https://frontendatlas.com/react/interview-questions	email	contacted	2026-08-25	2026-08-25	2026-09-01	Day-of-action registry and Gmail Sent checks were clear; the live React whiteboarding lesson is indexable and uses direct followed explanatory references; because the on-page feedback widget did not render, a tailored affiliation-disclosed curriculum suggestion was sent through the official student-handbook curriculum-feedback route, verified in Gmail Sent, and had no immediate bounce; no paid placement, reciprocal link, or rel treatment was requested; acceptance and live link status remain unverified; Semrush live checking was skipped by user instruction	https://www.learnhowtoprogram.com/student-handbook
vetswhocode.io	vetswhocode.io	Vets Who Code Core Curriculum React resource	open_source_resource	https://vetswhocode.io/programs/core-curriculum	https://frontendatlas.com/react/interview-questions	email	contacted	2026-08-25	2026-08-25	2026-09-01	Day-of-action registry and Gmail Sent checks were clear; the active nonprofit curriculum has a specific React interview-practice gap and its maintained external documentation example is directly linked; a concise affiliation-disclosed suggestion was sent through the official contact route so maintainers can choose the appropriate off-GitHub curriculum workflow, verified in Gmail Sent, and had no immediate bounce; no issue, pull request, account creation, paid placement, reciprocal link, or rel treatment was requested; acceptance and live link status remain unverified; Semrush live checking was skipped by user instruction	https://vetswhocode.io/contact-us
c0d3.com	www.c0d3.com	C0D3 React interview curriculum resource	open_source_resource	https://www.c0d3.com/curriculum	https://frontendatlas.com/react/interview-questions	issue	submitted	2026-08-25	2026-08-25	2026-09-01	Day-of-action registry and GitHub duplicate checks were clear; the active open-source curriculum has a concrete Additional Resources gap and the off-GitHub curriculum uses direct followed references; after the official Discord invite failed to load and the GitHub connector returned 403, an affiliation-disclosed maintainer-guidance issue was opened through the existing signed-in GitHub browser session and confirmed open as issue 3739; no pull request, paid placement, reciprocal link, or rel treatment was requested; live off-GitHub placement remains unverified; Semrush live checking was skipped by user instruction	https://github.com/garageScript/c0d3-app/issues/3739
migracode.org	volunteers.migracode.org	MigraCode Employability React interview resource	resource_library	https://volunteers.migracode.org/coding-course/soft-skills-training-content/2-employability	https://frontendatlas.com/react/interview-questions	form	submitted	2026-08-25	2026-08-25	2026-09-01	Day-of-action registry and Gmail history checks were clear; the nonprofit volunteer handbook’s Employability module provides a specific interview-preparation gap and its maintained resources use direct followed links; an affiliation-disclosed suggestion that also asked Open Cultural Center to confirm current editorial ownership was submitted through the official contact form, which returned a successful thank-you receipt; no paid placement, reciprocal link, or rel treatment was requested; acceptance, ownership, and live link status remain unverified; Semrush live checking was skipped by user instruction	https://openculturalcenter.org/contact/
ebookfoundation.github.io	ebookfoundation.github.io	EbookFoundation free-programming-books problem sets	open_source_resource	https://ebookfoundation.github.io/free-programming-books/more/problem-sets-competitive-programming.html	https://frontendatlas.com/coding	pull_request	live_link	2026-08-15	2026-09-01	2026-09-15	Historical entity-level audit recovered public PR 13406, which was merged on 2026-08-18; the current self-canonical GitHub Pages problem-sets page contains the exact direct followed href to FrontendAtlas coding in permanent list content; duplicate outreach is permanently suppressed	https://github.com/EbookFoundation/free-programming-books/pull/13406
vibing.inc	vibing.inc	Vibing Hidden Gems Library	resource_library	https://vibing.inc/library	https://frontendatlas.com/machine-coding	form	submitted	2026-09-01	2026-09-01	2026-09-08	Submitted once through Vibing's official public agent API with an explicit FrontendAtlas affiliation and freemium disclosure; HTTP 201 returned id 02a4c9fc-3abe-4f58-9681-53dc6be7ee9d, status pending, and duplicate verdict clear; no paid placement, reciprocal link, or rel request was made; registry, historical-report, Gmail, public GitHub, and Vibing public-search checks found no prior action or listing; the live Semrush recheck was unavailable because the connected account had insufficient API units, and outreach proceeded under the user's explicit direction	https://vibing.inc/library/submit
opensourcedesign.net	opensourcedesign.net	Open Source Design resource links	open_source_resource	https://opensourcedesign.net/resources/links/	https://frontendatlas.com/machine-coding	github_pr	submitted	2026-09-01	2026-09-01	2026-09-08	The official public form returned a submission failure and directed contributors to GitHub; after registry, historical-report, Gmail, repository-code, and open-and-closed issue/PR checks found no prior FrontendAtlas action or listing, opened PR #619 with one YAML resource entry in Learn to code; the PR discloses FrontendAtlas affiliation and freemium access and makes no paid-placement, reciprocal-link, or rel request; the live Semrush recheck remained unavailable because the connected account had insufficient API units, and outreach proceeded under the user's explicit direction	https://github.com/opensourcedesign/opensourcedesign.net/pull/619
mossaique.com	mossaique.com	Mossaique frontend design resources	resource_library	https://mossaique.com/	https://frontendatlas.com/machine-coding	form	submitted	2026-09-01	2026-09-01	2026-09-08	Submitted once through the official public resource form in Frontend Design; the success notice confirmed receipt for review; the description explicitly states FrontendAtlas affiliation and freemium access, and no paid-placement, reciprocal-link, or rel request was made; registry, historical-report, Gmail, site-search, repository-code, and open-and-closed issue/PR checks found no prior action or listing; the live Semrush recheck remained unavailable because the connected account had insufficient API units, and outreach proceeded under the user's explicit direction	https://mossaique.com/
computer-science-resources.vercel.app	computer-science-resources.vercel.app	Computer Science Resources technical interview catalog	open_source_resource	https://computer-science-resources.vercel.app/resources/interview/technical-interview/	https://frontendatlas.com/interview-questions/essential	pull_request	published	2026-09-01	2026-09-01	2026-09-02	PR #2 was merged on 2026-09-01 and the main-branch data/resources.json now contains FrontendAtlas Essential 60 under Interview Preparation / Technical Interview with the intended HTTPS URL, 151-character description, and freemium label; the deployed category page had not yet refreshed when rechecked, so live DOM placement remains pending and duplicate outreach is suppressed; the PR discloses affiliation and optional Premium access and makes no paid-placement, reciprocal-link, or rel request; the category page's canonical-to-root behavior remains a risk; the live Semrush recheck remained unavailable because the connected account had insufficient API units, and outreach proceeded under the user's explicit direction Review 2026-09-19: the intended link was observed live at https://computer-science-resources.vercel.app/resources/interview/technical-interview/, superseding the older deployment-pending observation; not rechecked during registry consolidation.	https://github.com/sametcn99/computer-science-resources/pull/2
careerincubator.co	careerincubator.co	Career Incubator learning resources	resource_library	https://careerincubator.co/resources	https://frontendatlas.com/interview-questions/essential	email	contacted	2026-09-01	2026-09-01	2026-09-08	A registry omission was recovered from Gmail Sent: an affiliation-disclosed Essential 60 suggestion was sent once through the official BRIDGEGOOD resource-suggestion address; the Gmail header is 2026-08-31 in its recorded offset and 2026-09-01 in the repository timezone; Gmail contains no delivery failure for that recipient; acceptance and live placement remain unverified, and the current Semrush check could not run with the available API units	https://careerincubator.co/resources
cscareerhub.com	cscareerhub.com	CS Career Hub resume and ATS resources	resource_library	https://cscareerhub.com/wiki-faq/information-career/application-process/resumes	https://frontendatlas.com/tools/cv	form	submitted	2026-09-01	2026-09-01	2026-09-08	Submitted one message through the official no-login contact form using the wiki's requested [feedback] prefix; the /success page confirmed successful submission; the message proposes the CV Linter for the Resumes page and discloses FrontendAtlas affiliation, product behavior, privacy wording, and no paid-placement, reciprocal-link, or rel request; optional email and Discord fields were left blank, so follow-up will rely on live-page checks; registry, historical-report, Gmail, and indexed-site checks found no prior action or listing; absent canonical and generic-feedback-channel risks remain; the live Semrush recheck remained unavailable because the connected account had insufficient API units, and outreach proceeded under the user's explicit direction	https://cscareerhub.com/success
itzashoffcl.github.io	itzashoffcl.github.io	Awesome WebDev Resources	open_source_resource	https://itzashoffcl.github.io/awesome-webdev-resources/	https://frontendatlas.com/machine-coding	pull_request	submitted	2026-09-01	2026-09-01	2026-09-08	Opened public PR #23 after registry, historical-report, Gmail, live-site, repository-code, and open-and-closed issue/PR checks found no prior FrontendAtlas action or listing; the one-line README change adds FrontendAtlas Machine Coding under Coding Challenge Platforms and the verified diff is one addition with zero deletions; the PR discloses FrontendAtlas affiliation and freemium access and makes no paid-placement or reciprocal-link request; the published site uses direct followed links in permanent self-canonical content, but repository inactivity since 2024 raises acceptance and maintenance risk; the live Semrush recheck remained unavailable because the connected account had insufficient API units, and outreach proceeded under the user's explicit direction	https://github.com/ItzAshOffcl/awesome-webdev-resources/pull/23
futile.in	www.futile.in	Futile JavaScript interview learning guide	resource_library	https://www.futile.in/guides/javascript	https://frontendatlas.com/guides/framework-prep/javascript-prep-path	form	submitted	2026-09-01	2026-09-01	2026-09-08	Submitted once through the official public no-login Google Form as a useful-link suggestion for the existing JavaScript Interview prep / revision resources section, explicitly not as the beginner starting point; Google Forms confirmed that the response was recorded; the message discloses FrontendAtlas affiliation and freemium access and makes no paid-placement or reciprocal-link request; registry, historical-report, Gmail Sent/Drafts/Scheduled, live-page, public-repository code, and open-and-closed issue/PR checks found no prior action or listing; the optional email field was left blank, so follow-up will rely on live-page checks; published resource links are direct and followed but use noreferrer, which limits referral attribution, and the site canonicalizes to www; the live Semrush recheck remained unavailable because the connected account had insufficient API units, and outreach proceeded under the user's explicit direction	https://www.futile.in/feedback
codecipher.org	www.codecipher.org	Code and Cipher programming resources	resource_library	https://www.codecipher.org/resources	https://frontendatlas.com/	email	closed		2026-09-01		A registry omission was recovered from Gmail: a single affiliation-disclosed suggestion was sent to the official published resource address; the Gmail header is 2026-08-31 in its recorded offset and 2026-09-01 in the repository timezone, but a delivery-status notification confirmed that the recipient server was misconfigured and the message was not delivered; no alternate public submission route was verified, so the opportunity is closed and duplicate outreach is suppressed	https://www.codecipher.org/resources
raeforward.com	raeforward.com	Rae Forward learning and career resources	resource_library	https://raeforward.com/resources/	https://frontendatlas.com/interview-questions/essential	email	contacted	2026-09-01	2026-09-01	2026-09-08	A recent registry omission was recovered from Gmail Sent: an affiliation-disclosed Essential 60 suggestion was sent once through the public resource-suggestion route on 2026-09-01 Europe/Istanbul; the same-day delivery-status audit found no bounce for this domain; acceptance and live placement remain unverified	https://raeforward.com/resources/
92nodes.com	92nodes.com	92nodes free developer resources	directory	https://92nodes.com/resources/free-developer-resources	https://frontendatlas.com/	email	contacted	2026-09-01	2026-09-01	2026-09-08	A recent registry omission was recovered from Gmail Sent: an affiliation-disclosed FrontendAtlas suggestion was sent once to the public developer-resource directory on 2026-09-01 Europe/Istanbul; the same-day delivery-status audit found no bounce for this domain; acceptance and live placement remain unverified and the domain remains suppressed despite being outside the current quality scope	https://92nodes.com/resources/free-developer-resources
workbc.ca	www.workbc.ca	WorkBC Web Developers and Programmers career profile	government_career	https://www.workbc.ca/career-profiles/web-developers-and-programmers	https://frontendatlas.com/html-css/interview-questions	email	contacted	2026-08-28	2026-09-01	2026-09-11	A registry omission was recovered from Gmail Sent: a career-profile content suggestion linking the exact FrontendAtlas HTML and CSS interview page was sent on 2026-08-28; the delivery-status audit found no matching bounce, which is not an acceptance or delivery guarantee; no live placement is verified	https://www.workbc.ca/career-profiles/web-developers-and-programmers
redi-school.org	www.redi-school.org	ReDI Introduction to Front-End Development	resource_library	https://www.redi-school.org/web-development/copenhagen/dwp/introduction-to-front-end-development	https://frontendatlas.com/guides/interview-blueprint/quiz	email	contacted	2026-08-26	2026-09-01	2026-09-09	A registry omission was recovered from Gmail Sent: an affiliation-disclosed optional fundamentals diagnostic was sent for the current frontend course on 2026-08-26; the delivery-status audit found no matching bounce, which is not an acceptance or delivery guarantee; no live placement is verified	https://www.redi-school.org/web-development/copenhagen/dwp/introduction-to-front-end-development
womencodingcommunity.com	www.womencodingcommunity.com	Women Coding Community Interview Preparation programme	resource_library	https://www.womencodingcommunity.com/programme-interview-preparation	https://frontendatlas.com/guides/interview-blueprint/javascript-interviews	email	contacted	2026-08-25	2026-09-01	2026-09-08	A registry omission was recovered from Gmail Sent: a frontend JavaScript interview resource suggestion was sent on 2026-08-25; the delivery-status audit found no matching bounce, which is not an acceptance or delivery guarantee; acceptance and live placement remain unverified	https://www.womencodingcommunity.com/programme-interview-preparation
projectbasta.com	www.projectbasta.com	Project BASTA Code2Career	resource_library	https://www.projectbasta.com/code2career	https://frontendatlas.com/guides/interview-blueprint/javascript-interviews	email	contacted	2026-08-25	2026-09-01	2026-09-08	A registry omission was recovered from Gmail Sent: a free frontend JavaScript interview-practice suggestion was sent for Code2Career on 2026-08-25; the delivery-status audit found no matching bounce, which is not an acceptance or delivery guarantee; acceptance and live placement remain unverified	https://www.projectbasta.com/code2career
sdeskills.com	www.sdeskills.com	SDE Skills interview resources	resource_library	https://www.sdeskills.com/resources	https://frontendatlas.com/guides/interview-blueprint/javascript-interviews	email	contacted	2026-08-25	2026-09-01	2026-09-08	A registry omission was recovered from Gmail Sent: an affiliation-disclosed frontend JavaScript interview resource was suggested through the public resources route on 2026-08-25; the delivery-status audit found no matching bounce, which is not an acceptance or delivery guarantee; acceptance and live placement remain unverified	https://www.sdeskills.com/resources
code2040.org	www.code2040.org	CODE2040 Fellows Program Toolkit	resource_library	https://www.code2040.org/fellows-program-toolkit	https://frontendatlas.com/guides/interview-blueprint/javascript-interviews	email	contacted	2026-08-25	2026-09-01	2026-09-08	A registry omission was recovered from Gmail Sent: a free frontend interview resource was suggested for the Fellows toolkit on 2026-08-25; the delivery-status audit found no matching bounce, which is not an acceptance or delivery guarantee; acceptance and live placement remain unverified	https://www.code2040.org/fellows-program-toolkit
codeyourfuture.io	curriculum.codeyourfuture.io	CodeYourFuture Interview Day Prep curriculum	open_source_resource	https://curriculum.codeyourfuture.io/piscine/sprints/4/prep/	https://frontendatlas.com/guides/interview-blueprint/javascript-interviews	email	contacted	2026-08-25	2026-09-01	2026-09-08	A registry omission was recovered from Gmail Sent and a general automated routing receipt: a JavaScript interview resource suggestion was sent on 2026-08-25; the curriculum-page mapping is supported by the message context but remains medium confidence; the receipt is not editorial acceptance and no live placement is verified	https://curriculum.codeyourfuture.io/piscine/sprints/4/prep/
techqueria.org	techqueria.org	Techqueria Career Growth resources	resource_library	https://techqueria.org/resources/career-growth/	https://frontendatlas.com/guides/interview-blueprint/javascript-interviews	email	contacted	2026-08-25	2026-09-01	2026-09-08	A registry omission was recovered from Gmail Sent: an affiliation-disclosed frontend JavaScript interview suggestion was sent for the Career Growth resources on 2026-08-25; the delivery-status audit found no matching bounce, which is not an acceptance or delivery guarantee; no live placement is verified	https://techqueria.org/resources/career-growth/
colorstack.org	wiki.colorstack.org	ColorStack interview resources	resource_library	https://wiki.colorstack.org/the-colorstack-family/career-development/career-center/catalinas-corner/interviews	https://frontendatlas.com/guides/interview-blueprint/javascript-interviews	email	contacted	2026-08-25	2026-09-01	2026-09-08	A registry omission was recovered from Gmail Sent: a free JavaScript interview-practice resource was suggested for the ColorStack Wiki on 2026-08-25; the delivery-status audit found no matching bounce, which is not an acceptance or delivery guarantee; no live placement is verified	https://wiki.colorstack.org/the-colorstack-family/career-development/career-center/catalinas-corner/interviews
codepath.org	books.codepath.org	CodePath Interview Prep Resources	resource_library	https://books.codepath.org/student-handbook/technical-interviewing/studying-for-tech-interviews/interview-prep-resources-part-i	https://frontendatlas.com/guides/interview-blueprint/javascript-interviews	email	closed		2026-09-01		A registry omission was recovered from Gmail: a frontend-focused interview resource suggestion was attempted on 2026-08-25, but a delivery-status notification confirmed that the message was undeliverable; no successful submission or alternate current route is verified, so duplicate email outreach is suppressed	https://www.codepath.org/career-services/career-kit
hackyourfuture.dk	program.hackyourfuture.dk	HackYourFuture Mock Technical Interview	resource_library	https://program.hackyourfuture.dk/mentor/roles/career-mentors/interview-training/mock-technical-interview	https://frontendatlas.com/guides/interview-blueprint/javascript-interviews	email	contacted	2026-08-25	2026-09-01	2026-09-08	A registry omission was recovered from Gmail Sent: a JavaScript practice companion was suggested for mock technical interview preparation on 2026-08-25; the delivery-status audit found no matching bounce, which is not an acceptance or delivery guarantee; no live placement is verified	https://program.hackyourfuture.dk/mentor/roles/career-mentors/interview-training/mock-technical-interview
rewritingthecode.org	rewritingthecode.org	Rewriting the Code interview resources	resource_library	https://rewritingthecode.org/resources/member-resources/how-the-rtc-community-prepares-for-technical-interviews/	https://frontendatlas.com/guides/interview-blueprint/javascript-interviews	email	contacted	2026-08-25	2026-09-01	2026-09-08	A registry omission was recovered from Gmail Sent: a free JavaScript interview-practice resource was suggested for RTC members on 2026-08-25; the delivery-status audit found no matching bounce, which is not an acceptance or delivery guarantee; no live placement is verified	https://rewritingthecode.org/resources/member-resources/how-the-rtc-community-prepares-for-technical-interviews/
sagehuz.com	www.sagehuz.com	SageHuz developer resources	resource_library	https://www.sagehuz.com/resources	https://frontendatlas.com/javascript/coding/js-debounce	email	contacted	2026-08-25	2026-09-01	2026-09-08	A registry omission was recovered from Gmail Sent: a free JavaScript debounce challenge was suggested on 2026-08-25; the delivery-status audit found no matching bounce, but the current public surface has changed and now has weaker topical fit; acceptance and live placement remain unverified and the root stays suppressed	https://www.sagehuz.com/resources
toolfound.com	toolfound.com	Toolfound FrontendAtlas listing	directory	https://toolfound.com/tool/frontendatlas	https://frontendatlas.com/	form	live_link	2026-08-25	2026-09-01	2026-09-15	A registry omission was recovered from public and Gmail evidence: the listing was published and ownership verified on 2026-08-26; Browser verification on 2026-09-01 found two clean direct FrontendAtlas root anchors with rel noopener, no nofollow ugc or sponsored token, a self-canonical source, and index follow robots	https://toolfound.com/tool/frontendatlas
bigideasdb.com	bigideasdb.com	BigIdeasDB LaunchDB	launch_directory	https://bigideasdb.com/docs/launchdb	https://frontendatlas.com/	email	human_positive	2026-08-25	2026-09-01	2026-09-08	A registry omission was recovered from Gmail: the LaunchDB submission could not be completed because of a logo-upload blocker, and a human response only offered troubleshooting through file renaming or a screenshot; this is positive human assistance rather than an accepted submission or live listing	https://bigideasdb.com/launchdb
indietools.work	indietools.work	Indie Tools submission	directory	https://indietools.work/	https://frontendatlas.com/	email	contacted	2026-08-25	2026-09-01	2026-09-08	A registry omission was recovered from Gmail Sent: the public Submit a Tool flow failed with an authentication and CSRF error, so one support message describing the blocker and FrontendAtlas was sent; the delivery-status audit found no matching bounce, but no successful tool submission or live listing is verified	https://indietools.work/
wantaninternship.com	wantaninternship.com	WantAnInternship CV toolkit	directory	https://wantaninternship.com/	https://frontendatlas.com/tools/cv	email	contacted	2026-08-25	2026-09-01	2026-09-08	A registry omission was recovered from Gmail Sent: a FrontendAtlas CV resource submission was sent once on 2026-08-25 through the public Submit route; the delivery-status audit found no matching bounce, which is not an acceptance or delivery guarantee; publication and live link remain unverified	https://wantaninternship.com/
webapps.directory	webapps.directory	Web Apps Directory listing	directory	https://webapps.directory/	https://frontendatlas.com/	form	submitted	2026-08-25	2026-09-01	2026-09-22	A registry omission was recovered from the official submission receipt: FrontendAtlas entered the free standard review queue on 2026-08-25, with human review stated as taking up to four weeks; the receipt is not acceptance or publication and no live listing is verified	https://webapps.directory/
dantes.io	dantes.io	Dantes React learning resources	resource_library	https://dantes.io/contribute	https://frontendatlas.com/guides/framework-prep/react-prep-path	form	submitted	2026-09-01	2026-09-01	2026-09-08	A registry omission was recovered from the official verification and receipt flow: the React preparation path was received and marked under review on 2026-09-01; this confirms submission only, not acceptance, publication, or a live link	https://dantes.io/contribute
digitalskillslibrary.org	digitalskillslibrary.org	BRIDGES Digital Skills Library CV resources	resource_library	https://digitalskillslibrary.org/bridges/	https://frontendatlas.com/tools/cv	form	submitted	2026-09-01	2026-09-01	2026-09-08	A registry omission was recovered from the CrowdED and BRIDGES Google Forms response receipt: the FrontendAtlas CV resource was recorded on 2026-09-01; the receipt confirms submission only and no editorial acceptance or live placement is verified	https://docs.google.com/forms/d/e/1FAIpQLSdXEW0JnXHj9JHzqdW12CHFIVlF4OnlT2s2mC4p71xIqaolUg/viewform
bcs.org	www.bcs.org	BCS Web Developer career quiz resources	resource_library	https://www.bcs.org/it-careers/tech-career-quiz/quiz/web-developer/	https://frontendatlas.com/guides/interview-blueprint/ui-interviews	form	submitted	2026-08-26	2026-09-01	2026-09-08	A registry omission was recovered from the official contact receipt: a support ticket was created for the UI interview resource suggestion and a five-business-day response target was stated; the automated ticket is not editorial acceptance or publication and no live link is verified	https://www.bcs.org/contact-us/
webpack.js.org	webpack.js.org	webpack Modules further reading	official_docs	https://webpack.js.org/concepts/modules/	https://frontendatlas.com/javascript/trivia/js-esm-vs-cjs	pull_request	live_link	2026-08-29	2026-09-01	2026-09-15	A registry omission was recovered from public PR 8343, which was merged; the current self-canonical Modules page contains the exact FrontendAtlas ESM versus CommonJS URL in permanent Further Reading content with a direct followed anchor whose rel only contains noopener and noreferrer	https://github.com/webpack/webpack.js.org/pull/8343
htmlhint.com	htmlhint.com	HTMLHint head-script-disabled documentation	official_docs	https://htmlhint.com/docs/user-guide/rules/head-script-disabled	https://frontendatlas.com/html/interview-questions	pull_request	human_negative	2026-08-28	2026-09-01		A registry omission was recovered from public PR 1912: although the pull request remains open, a maintainer explicitly asked for the FrontendAtlas section and link to be removed; the direct editorial rejection is terminal for this backlink opportunity while any link-free documentation work remains separate	https://github.com/htmlhint/HTMLHint/pull/1912#issuecomment-5452921691
astro.build	docs.astro.build	Astro imports documentation	official_docs	https://docs.astro.build/en/guides/imports/	https://frontendatlas.com/javascript/trivia/js-esm-vs-cjs	pull_request	human_negative	2026-08-29	2026-09-01		A registry omission was recovered from public PR 14483, which was closed unmerged after a maintainer stated that the interview-preparation link was not useful for the Astro imports guide; the direct editorial rejection is terminal and duplicate outreach is suppressed	https://github.com/withastro/docs/pull/14483#issuecomment-5476897985
learnxinyminutes.com	learnxinyminutes.com	Learn X in Y Minutes JavaScript resources	open_source_resource	https://learnxinyminutes.com/javascript/	https://frontendatlas.com/javascript/interview-questions	issue	closed	2026-08-31	2026-09-01		Public issue 5596 was closed as completed on 2026-08-31 with no public comment, linked pull request, or verified off-GitHub FrontendAtlas placement; because no direct rejection rationale was given, the terminal outcome is recorded as closed rather than human_negative	https://github.com/adambard/learnxinyminutes-docs/issues/5596
al-husayn.github.io	al-husayn.github.io	Awesome UI Resources machine coding entry	open_source_resource	https://al-husayn.github.io/awesome-ui-resources/	https://frontendatlas.com/machine-coding	pull_request	submitted	2026-08-31	2026-09-01	2026-09-08	A registry omission was recovered from public PR 1; the FrontendAtlas machine-coding addition remains open and only automated review is present, so acceptance and off-GitHub publication are not verified	https://github.com/al-husayn/awesome-ui-resources/pull/1
jpdiaz.dev	freeforgeeks.jpdiaz.dev	FreeForGeeks Essential 60 entry	open_source_resource	https://freeforgeeks.jpdiaz.dev/	https://frontendatlas.com/interview-questions/essential	pull_request	submitted	2026-09-01	2026-09-01	2026-09-08	A registry omission was recovered from public PR 299; the FrontendAtlas Essential 60 addition remains open with only automated review and no human decision; the current HTTPS off-GitHub homepage returns 200 without a redirect, while acceptance and live placement remain unverified	https://github.com/JuanPabloDiaz/freeForGeeks/pull/299
projectlearn.io	projectlearn.io	ProjectLearn React autocomplete tutorial	open_source_resource	https://projectlearn.io/	https://frontendatlas.com/react/coding/react-autocomplete-search-starter	pull_request	submitted	2026-09-01	2026-09-01	2026-09-15	Public PR 140 is open and proposes one React project-tutorial catalog entry; no off-GitHub FrontendAtlas placement is verified while the PR remains unmerged	https://github.com/Xtremilicious/projectlearn-project-based-learning/pull/140
fehub.app	fehub.app	Frontend Resource Hub JavaScript resources	open_source_resource	https://fehub.app/	https://frontendatlas.com/	pull_request	submitted	2026-09-01	2026-09-01	2026-09-15	Public PR 3 is open and adds one affiliation-disclosed FrontendAtlas resource entry; no off-GitHub FrontendAtlas placement is verified while the PR remains unmerged	https://github.com/qq919006380/Frontend-Resource-Hub/pull/3
codesociety.xyz	resources.codesociety.xyz	Code Society programming patterns resources	open_source_resource	https://resources.codesociety.xyz/	https://frontendatlas.com/system-design	pull_request	submitted	2026-09-01	2026-09-01	2026-09-15	Public PR 12 is open and proposes FrontendAtlas under Programming Patterns and Design; no off-GitHub FrontendAtlas placement is verified while the PR remains unmerged	https://github.com/Code-Society-Lab/resources/pull/12
hackyourfuture.dk	program.hackyourfuture.dk	HackYourFuture specialist mock-interview preparation	open_source_resource	https://github.com/HackYourFuture-CPH/program/blob/main/shared-modules/specialist-career-training/week2/preparation.md	https://frontendatlas.com/guides/framework-prep/react-prep-path	pull_request	submitted	2026-08-31	2026-09-01	2026-09-14	Public PR 329 is open and adds an optional React interview-preparation resource; no off-GitHub FrontendAtlas placement is verified while the PR remains unmerged	https://github.com/HackYourFuture-CPH/program/pull/329
johnnnmai.github.io	johnnnmai.github.io	Awesome Tech Interview Prep General Resources	open_source_resource	https://johnnnmai.github.io/awesome-tech-interview-prep/	https://frontendatlas.com/interview-questions/essential	pull_request	submitted	2026-08-31	2026-09-01	2026-09-14	Public PR 1 is open and proposes Essential 60 under General Resources; no off-GitHub FrontendAtlas placement is verified while the PR remains unmerged	https://github.com/Johnnnmai/awesome-tech-interview-prep/pull/1
lit.dev	lit.dev	Lit Shadow DOM references	official_docs	https://lit.dev/docs/components/shadow-dom/	https://frontendatlas.com/html/trivia/html-shadow-dom	pull_request	submitted	2026-08-29	2026-09-01	2026-09-12	Public PR 1484 is open and proposes one practical Shadow DOM companion resource; no off-GitHub FrontendAtlas placement is verified while the PR remains unmerged	https://github.com/lit/lit.dev/pull/1484
rollupjs.org	rollupjs.org	Rollup introduction module-systems companion	official_docs	https://rollupjs.org/introduction/	https://frontendatlas.com/javascript/trivia/js-esm-vs-cjs	pull_request	submitted	2026-08-29	2026-09-01	2026-09-12	Public PR 6495 is open and proposes an ESM and CommonJS companion link in the introduction; no off-GitHub FrontendAtlas placement is verified while the PR remains unmerged	https://github.com/rollup/rollup/pull/6495
ny.gov	designsystem.ny.gov	New York State Design System accessibility developers guidance	official_docs	https://designsystem.ny.gov/foundations/accessibility/developers/	https://frontendatlas.com/incidents/modal-screen-reader-failure	pull_request	submitted	2026-08-29	2026-09-01	2026-09-12	Public PR 563 is open and proposes a worked modal focus-management example; no off-GitHub FrontendAtlas placement is verified while the PR remains unmerged	https://github.com/ITS-HCD/nysds-site/pull/563
orange.com	a11y-guidelines.orange.com	Orange accessibility keyboard-navigation guidance	official_docs	https://a11y-guidelines.orange.com/en/web/develop/keyboard-navigation/	https://frontendatlas.com/incidents/modal-screen-reader-failure	pull_request	submitted	2026-08-29	2026-09-01	2026-09-12	Public PR 954 is open and proposes one optional modal-focus failure example; no off-GitHub FrontendAtlas placement is verified while the PR remains unmerged	https://github.com/Orange-OpenSource/a11y-guidelines/pull/954
hackyourfuture.dk	program.hackyourfuture.dk	HackYourFuture Mentor Guide mock technical interview	open_source_resource	https://program.hackyourfuture.dk/mentor/roles/career-mentors/interview-training/mock-technical-interview	https://frontendatlas.com/machine-coding	pull_request	submitted	2026-08-29	2026-09-01	2026-09-12	Public PR 9 is open and proposes one optional frontend challenge resource; no off-GitHub FrontendAtlas placement is verified while the PR remains unmerged	https://github.com/HackYourFuture-CPH/MentorGuideGitBook/pull/9
codeyourfuture.io	curriculum.codeyourfuture.io	CodeYourFuture CV structure guidance	open_source_resource	https://github.com/CodeYourFuture/curriculum/blob/main/org-cyf-guides/content/employability/cvs/structure/index.md	https://frontendatlas.com/tools/cv	pull_request	submitted	2026-08-29	2026-09-01	2026-09-12	Public PR 1997 is open and proposes an optional final CV self-check; no off-GitHub FrontendAtlas placement is verified while the PR remains unmerged	https://github.com/CodeYourFuture/curriculum/pull/1997
agriculture.gov.au	design-system.agriculture.gov.au	Agriculture Design System loading error and empty states	official_docs	https://design-system.agriculture.gov.au/patterns/loading-error-empty-states	https://frontendatlas.com/guides/system-design-blueprint/ux	pull_request	submitted	2026-08-28	2026-09-01	2026-09-11	Public PR 2180 is open and proposes related data-state guidance with one optional exercise; no off-GitHub FrontendAtlas placement is verified while the PR remains unmerged	https://github.com/agriculturegovau/agds-next/pull/2180
formly.dev	formly.dev	Formly core API configuration scope	official_docs	https://formly.dev/docs/api/core/	https://frontendatlas.com/angular/trivia/angular-forroot-forchild	pull_request	submitted	2026-08-28	2026-09-01	2026-09-11	Public PR 4193 is open and explains FormlyModule root and child injector scope with optional further reading; no off-GitHub FrontendAtlas placement is verified while the PR remains unmerged Review 2026-09-19 recorded the contribution as merged but found no intended FrontendAtlas anchor in the rendered page https://formly.dev/docs/api/core/. Merge does not establish a live backlink; not rechecked during registry consolidation.	https://github.com/ngx-formly/ngx-formly/pull/4193
ngxs.io	www.ngxs.io	NGXS unit-testing action collector recipe	official_docs	https://www.ngxs.io/recipes/unit-testing	https://frontendatlas.com/angular/trivia/rxjs-subject-vs-behaviorsubject-vs-replaysubject-vs-asyncsubject	pull_request	published	2026-08-27	2026-09-01	2026-09-08	Public PR 2488 merged on 2026-08-27 and the default-branch source contains the FrontendAtlas link, but Browser verification found no FrontendAtlas anchor yet on the self-canonical index follow off-GitHub page; deployment remains pending Review 2026-09-19 still found no intended FrontendAtlas anchor in the rendered page https://www.ngxs.io/recipes/unit-testing/ despite the merged contribution; not rechecked during registry consolidation.	https://github.com/ngxs/store/pull/2488
the-guild.dev	the-guild.dev	Apollo Angular Queries guide	official_docs	https://the-guild.dev/graphql/apollo-angular/docs/data/queries	https://frontendatlas.com/angular/trivia/angular-ngoninit-vs-constructor	pull_request	submitted	2026-08-27	2026-09-01	2026-09-10	Public PR 2434 is open and proposes query lifecycle timing clarification plus one optional external resource; no off-GitHub FrontendAtlas placement is verified while the PR remains unmerged	https://github.com/the-guild-org/apollo-angular/pull/2434
alpinejs.dev	alpinejs.dev	Alpine Reactivity guide	official_docs	https://alpinejs.dev/advanced/reactivity	https://frontendatlas.com/vue/trivia/vue-reactivity-system	pull_request	live_link	2026-08-26	2026-09-01	2026-09-15	Public PR 4883 merged on 2026-08-30; Browser verification found the exact direct FrontendAtlas href in permanent guide content with no rel attribute, no noindex signal, and no intermediary	https://github.com/alpinejs/alpine/pull/4883
mobx.js.org	mobx.js.org	MobX React integration tracking boundaries	official_docs	https://mobx.js.org/react-integration.html	https://frontendatlas.com/react/trivia/react-render-props-vs-hocs	pull_request	submitted	2026-08-26	2026-09-01	2026-09-09	Public PR 4704 is open and proposes an observer-boundary clarification with optional further reading; no off-GitHub FrontendAtlas placement is verified while the PR remains unmerged	https://github.com/mobxjs/mobx/pull/4704
vuetifyjs.com	0.vuetifyjs.com	Vuetify0 Nuxt SSR integration guide	official_docs	https://0.vuetifyjs.com/guide/integration/nuxt	https://frontendatlas.com/vue/trivia/vue-v-for-keys-why-not-index	pull_request	live_link	2026-08-26	2026-09-01	2026-09-15	Public PR 930 merged on 2026-08-27; Browser verification found the exact direct FrontendAtlas href in permanent guide content with rel noopener noreferrer and no nofollow ugc or sponsored token on the self-canonical live page	https://github.com/vuetifyjs/0/pull/930
codebar.io	tutorials.codebar.io	codebar Other Useful Resources	open_source_resource	https://tutorials.codebar.io/	https://frontendatlas.com/interview-questions/essential	issue	submitted	2026-09-01	2026-09-01	2026-09-15	Public issue 517 is open and asks whether Essential 60 fits the existing useful-resources section with full freemium disclosure; no off-GitHub placement is verified	https://github.com/codebar/tutorials/issues/517
fof.tg	ressources.fof.tg	Design Atlas public resource catalog	directory	https://ressources.fof.tg/	https://frontendatlas.com/machine-coding	issue	submitted	2026-08-31	2026-09-01	2026-09-14	Public issue 9 is open after the public submission dialog failed to advance and includes the intended affiliation-disclosed resource details; no off-GitHub FrontendAtlas placement is verified	https://github.com/massdx/design-atlas/issues/9
alterity-git.github.io	alterity-git.github.io	Building Inclusive Open Source D-IWP references	open_source_resource	https://github.com/alterity-git/building-inclusive-open-source-software/blob/main/docs/D-IWP.md	https://frontendatlas.com/html/trivia/web-accessibility-make-page-accessible	issue	submitted	2026-08-31	2026-09-01	2026-09-14	Public issue 94 is open and proposes one accessibility review workflow in Useful references; no off-GitHub FrontendAtlas placement is verified	https://github.com/alterity-git/building-inclusive-open-source-software/issues/94
resumax.ai	resumax.ai	Software Engineer Roadmaps frontend interview prep	open_source_resource	https://github.com/resumax/software-engineer-roadmaps/blob/main/roadmaps/frontend-engineer.md	https://frontendatlas.com/interview-questions/essential	issue	submitted	2026-08-31	2026-09-01	2026-09-14	Public issue 1 is open as a pre-edit eligibility question because the roadmap policy says resources are free and open source while Essential 60 is freemium; no off-GitHub placement is verified	https://github.com/resumax/software-engineer-roadmaps/issues/1
visualstudio.com	marketplace.visualstudio.com	ReactToolkit curated React resources	directory	https://marketplace.visualstudio.com/items?itemName=drbarzaga.reacttoolkit	https://frontendatlas.com/guides/framework-prep/react-prep-path	issue	submitted	2026-08-31	2026-09-01	2026-09-14	Public issue 24 is open and proposes the React preparation path under Learning and Interview Preparation with freemium disclosure; no published catalog placement is verified	https://github.com/drbarzaga/ReactToolkit-VSCE/issues/24
solidjs.com	docs.solidjs.com	Solid fine-grained reactivity DOM bindings	official_docs	https://docs.solidjs.com/advanced-concepts/fine-grained-reactivity	https://frontendatlas.com/vue/trivia/vue-v-bind-reactive-attributes	issue	submitted	2026-08-26	2026-09-01	2026-09-09	Public issue 1637 is open and proposes a standalone Solid DOM-binding example plus an optional disclosed Vue comparison; no off-GitHub FrontendAtlas placement is verified	https://github.com/solidjs/solid-docs/issues/1637
quasar.dev	quasar.dev	Quasar Fetching Data SSR considerations	official_docs	https://quasar.dev/quasar-cli-vite/fetching-data/	https://frontendatlas.com/vue/trivia/vue-provide-inject-vs-prop-drilling-tradeoffs	issue	human_negative	2026-08-26	2026-09-01		Public issue 18529 was closed not planned after a maintainer stated that the page already covers the Quasar-specific substance and that the documentation prefers primary sources; no off-GitHub FrontendAtlas link exists and duplicate outreach is suppressed	https://github.com/quasarframework/quasar/issues/18529
codeyourfuture.io	curriculum.codeyourfuture.io	CodeYourFuture technical interview useful links	open_source_resource	https://github.com/CodeYourFuture/curriculum/blob/main/org-cyf-guides/content/employability/interview/technical-interview-prep/useful-links/index.md	https://frontendatlas.com/guides/framework-prep/javascript-prep-path	issue	submitted	2026-08-26	2026-09-01	2026-09-09	Public issue 1992 is open and proposes a structured practice loop with one affiliation-disclosed optional resource; no off-GitHub FrontendAtlas placement is verified	https://github.com/CodeYourFuture/curriculum/issues/1992
babeljs.io	babeljs.io	Babel JSX Fragment transform documentation	official_docs	https://babeljs.io/docs/babel-plugin-transform-react-jsx	https://frontendatlas.com/react/trivia/react-fragments-dom-and-reconciliation	issue	submitted	2026-08-26	2026-09-01	2026-09-09	Public issue 3241 is open and proposes clarifying compiler-versus-runtime Fragment behavior with an optional affiliation-disclosed companion; no off-GitHub FrontendAtlas placement is verified	https://github.com/babel/website/issues/3241
bitovi.com	www.bitovi.com	Bitovi Academy Learn NgRx	resource_library	https://www.bitovi.com/academy/learn-ngrx.html	https://frontendatlas.com/angular/trivia/ngrx-data-flow-end-to-end-angular	issue	submitted	2026-08-26	2026-09-01	2026-09-09	Public issue 974 is open and proposes an end-to-end NgRx recap plus an optional affiliation-disclosed exercise; no off-GitHub FrontendAtlas placement is verified	https://github.com/bitovi/academy/issues/974
opentelemetry.io	opentelemetry.io	OpenTelemetry Client-side Apps RUM guidance	official_docs	https://opentelemetry.io/docs/platforms/client-apps/	https://frontendatlas.com/guides/system-design-blueprint/performance	issue	submitted	2026-08-26	2026-09-01	2026-09-09	Public issue 11447 is open and proposes vendor-neutral RUM budget guidance with an optional affiliation-disclosed implementation companion; no off-GitHub FrontendAtlas placement is verified	https://github.com/open-telemetry/opentelemetry.io/issues/11447
preactjs.com	preactjs.com	Preact Component render side-effect contract	official_docs	https://preactjs.com/guide/v10/api-reference/	https://frontendatlas.com/react/trivia/react-pure-function-of-props-and-state	issue	submitted	2026-08-26	2026-09-01	2026-09-09	Public issue 1392 is open; follow-up PR 1393 is also open but intentionally uses only first-party links, so no off-GitHub FrontendAtlas placement is verified	https://github.com/preactjs/preact-www/issues/1392
codestorm-hub.github.io	codestorm-hub.github.io	CodeStorm Hub learning resources	open_source_resource	https://codestorm-hub.github.io/	https://frontendatlas.com/interview-questions/essential	issue	submitted	2026-08-25	2026-09-01	2026-09-08	Public issue 58 is open and proposes Essential 60 for the learning resources page with relationship disclosure; no off-GitHub FrontendAtlas placement is verified	https://github.com/CodeStorm-Hub/CodeStorm-Hub.github.io/issues/58
isit-europe.org	sustainableit-tools.isit-europe.org	INR Sustainable IT accessibility toolbox	accessibility_resource_hub	https://sustainableit-tools.isit-europe.org/outils/access-score.html	https://frontendatlas.com/html/trivia/web-accessibility-make-page-accessible	email	contacted	2026-09-02	2026-09-02	2026-10-02	Score fit 28/30; acceptance 22/25; link 20/20; trust 14/15; permanence/ease 9/10; total 93/100. Live example has a direct href to access-score.org with rel=noopener in permanent content; source and target are 200, indexable and self-canonical with no cross-domain redirect. A French resource proposal was sent on 2026-09-02 with creator/freemium disclosure; Gmail SENT receipt was verified. Risk: French audience and official review may take up to three months; no live placement yet. Semrush recheck unavailable because API units were insufficient.	https://sustainableit-tools.isit-europe.org/a-propos.html
ca-resources.vercel.app	ca-resources.vercel.app	CA Resources web development practice catalog	open_source_resource	https://ca-resources.vercel.app/resources/learn-web-dev	https://frontendatlas.com/machine-coding	pull_request	published	2026-09-02	2026-09-02	2026-09-03	Score fit 29/30; acceptance 24/25; link 19/20; trust 10/15; permanence/ease 10/10; total 92/100. Live example has a direct href with rel=noopener noreferrer in a permanent Practice and Challenges card; source and target are 200 and indexable, with no disallowed redirect, while the source has no explicit canonical. Public PR 69 was merged on 2026-09-02 with maintainer approval, one file and five additions; creator/freemium disclosure is included. The production page still lacked FrontendAtlas at the last check: both Vercel deployments reported failure although repository build and deploy workflow checks passed. Risk: merged source is not yet a verified live backlink; recheck after deployment recovery. Semrush recheck unavailable because API units were insufficient. Review 2026-09-19: the intended link was observed live at https://ca-resources.vercel.app/resources/learn-web-dev, superseding the older failed-deployment/pending observation; not rechecked during registry consolidation.	https://github.com/cedricangulo/ca-resources/pull/69
ido777.github.io	ido777.github.io	System Design Primer Update study guide	open_source_resource	https://ido777.github.io/system-design-primer-update/en/study_guide.html	https://frontendatlas.com/guides/system-design-blueprint	pull_request	submitted	2026-09-02	2026-09-02	2026-09-09	Score fit 29/30; acceptance 23/25; link 20/20; trust 11/15; permanence/ease 9/10; total 92/100. Live example has a direct href with no rel attribute in permanent content; source and target are 200, indexable and self-canonical with no redirect. Public PR 558 is open and mergeable with one file and two additions; creator/freemium disclosure is included. Risk: young project and promotional-resource review uncertainty; no live placement yet. Semrush recheck unavailable because API units were insufficient.	https://github.com/ido777/system-design-primer-update/pull/558
a11yhubbr.com.br	a11yhubbr.com.br	A11yHub Brasil accessibility resources	accessibility_resource_hub	https://a11yhubbr.com.br/public/conteudos/guia-de-acessibilidade-para-sites-empresariais-wcag-22-aria-e-melhores-pratic	https://frontendatlas.com/html/trivia/web-accessibility-make-page-accessible	form	submitted	2026-09-02	2026-09-02	2026-09-14	Score fit 29/30; acceptance 21/25; link 20/20; trust 13/15; permanence/ease 9/10; total 92/100. Live example has a direct href with rel=noopener noreferrer in permanent content; source and target are 200, indexable and self-canonical with no redirect. An account was created through the official GitHub OAuth flow and the Portuguese, affiliation-disclosed resource form returned Conteúdo enviado para revisão com sucesso on 2026-09-02. Risk: Portuguese audience and seven-business-day review; no live placement yet. Semrush recheck unavailable because API units were insufficient.	https://a11yhubbr.com.br/public/submeter
wcag2.com	wcag2.com	WCAG2 eAccessibility Library	accessibility_resource_hub	https://wcag2.com/training/library/	https://frontendatlas.com/html/trivia/web-accessibility-make-page-accessible	form	submitted	2026-09-02	2026-09-02	2026-09-16	Score fit 29/30; acceptance 21/25; link 20/20; trust 13/15; permanence/ease 9/10; total 92/100. Live example has a direct href with rel=noopener noreferrer in permanent library content; source and target are 200, indexable and self-canonical with no redirect. The official form returned Success and an automatic email receipt was verified on 2026-09-02; creator/freemium disclosure was included. Risk: no stated review SLA and no live placement yet. Semrush recheck unavailable because API units were insufficient.	https://wcag2.com/improve/
unikist.com	unikist.com	Unikist accessibility design resources	design_resource_directory	https://unikist.com/resources?category=accessibility	https://frontendatlas.com/html/trivia/web-accessibility-make-page-accessible	form	submitted	2026-09-02	2026-09-02	2026-09-09	Score fit 27/30; acceptance 24/25; link 19/20; trust 12/15; permanence/ease 10/10; total 92/100. Live example has a direct href with rel=noreferrer in a permanent Accessibility card; source and target are 200 and indexable with no redirect, while the source has no explicit canonical. The freemium Accessibility submission returned Submission received and entered the manual review queue on 2026-09-02; creator disclosure was included. Risk: newer directory and reviewer-dependent educational fit; no live placement yet. Semrush recheck unavailable because API units were insufficient.	https://unikist.com/submit
ecosyste.ms	awesome.ecosyste.ms	Ecosyste.ms Awesome developer essentials index	open_source_catalog	https://awesome.ecosyste.ms/projects/bytebytego.com	https://frontendatlas.com/guides/system-design-blueprint	pull_request	submitted	2026-09-02	2026-09-02	2026-09-09	Score fit 29/30; acceptance 19/25; link 19/20; trust 14/15; permanence/ease 9/10; total 90/100. Live example has a direct href with no rel attribute in permanent content; source and target are 200 and indexable with no disallowed redirect, while the source has no explicit canonical. Upstream daily.dev PR 18 is open and mergeable with one file and one addition; creator/freemium disclosure is included. Risk: two-stage upstream merge then ecosyste.ms synchronization, so no live placement exists yet. Semrush recheck unavailable because API units were insufficient.	https://github.com/dailydotdev/awesome-developer-essentials/pull/18
techlearnresources.com	techlearnresources.com	TechLearn Resources coding interview catalog	learning_resource_directory	https://techlearnresources.com/	https://frontendatlas.com/interview-questions/essential	form	planned_not_sent		2026-09-02	2026-09-09	Score fit 29/30; acceptance 20/25; link 19/20; trust 10/15; permanence/ease 8/10; total 86/100. Live example has a direct href with rel=noopener noreferrer in permanent content; source and target are 200 and indexable, the source has no explicit canonical, and the only outbound redirect is same-host trailing-slash normalization. The completed official form was clicked on 2026-09-02 and the modal closed, but no onscreen or email receipt was produced; delivery is therefore unverified and must not be treated as submitted. Risk: broad catalog and no review SLA; avoid duplicate resend before the next check. Semrush recheck unavailable because API units were insufficient.	https://techlearnresources.com/
resource-base.com	resource-base.com	Resource Base developer learning directory	developer_resource_directory	https://resource-base.com/	https://frontendatlas.com/interview-questions/essential	form	submitted	2026-09-02	2026-09-02	2026-09-16	Score fit 28/30; acceptance 20/25; link 19/20; trust 11/15; permanence/ease 8/10; total 86/100. Live example has a direct href with rel=noopener noreferrer in permanent content; source and target are 200 and indexable with no redirect, while the source has no explicit canonical. An account was created through the official GitHub OAuth flow; the form returned a thank-you message and the account dashboard shows FrontendAtlas Essential 60 as pending review. Risk: broad Turkish catalog and no stated review time; no live placement yet. Semrush recheck unavailable because API units were insufficient.	https://resource-base.com/submit
design-directory-blue.vercel.app	design-directory-blue.vercel.app	OpenSesh OS Design Directory learning resources	open_source_resource	https://design-directory-blue.vercel.app/?display=table	https://frontendatlas.com/machine-coding	pull_request	submitted	2026-09-02	2026-09-02	2026-09-09	Score fit 26/30; acceptance 22/25; link 19/20; trust 10/15; permanence/ease 9/10; total 86/100. Live example has a direct href with rel=noopener noreferrer in permanent Learning and Guides content; source and target are 200 and indexable with no redirect, while the source has no explicit canonical. Public PR 10 is open and mergeable with one file and 23 additions; resource ID 157 avoids the id 156 used by open PRs 7 and 9, JSON/schema checks and an isolated production build passed, and creator/freemium disclosure is included. Risk: the Vercel check requires maintainer authorization and no live placement is verified. Semrush recheck unavailable because API units were insufficient.	https://github.com/opensesh/OS_design-directory/pull/10
sst.dev	guide.sst.dev	SST Guide Further Reading React preparation resource	open_source_resource	https://guide.sst.dev/chapters/further-reading.html	https://frontendatlas.com/guides/framework-prep/react-prep-path	pull_request	submitted	2026-09-02	2026-09-02	2026-09-09	Score fit 29/30; acceptance 20/25; link 20/20; trust 15/15; permanence/ease 8/10; total 92/100. Day-of-action registry, historical reports, Gmail Sent, and GitHub author searches were clear for sst.dev and the canonical anomalyco/guide repository. Public PR 777 is open with one file and two additions; the creator/freemium relationship is disclosed and no reciprocal link or special link treatment was requested. Risk: the Further Reading page is older, repository ownership has changed, and no live FrontendAtlas placement exists unless the PR is merged and deployed.	https://github.com/anomalyco/guide/pull/777
uxpatterns.dev	uxpatterns.dev	UX Patterns Modal applied accessibility incident	open_source_resource	https://uxpatterns.dev/patterns/content-management/modal	https://frontendatlas.com/incidents/modal-screen-reader-failure	issue	submitted	2026-09-02	2026-09-02	2026-09-09	Research score 91/100. Day-of-action registry, historical reports, Gmail Sent, and GitHub author searches were clear. Public issue 263 is open and asks maintainers whether an applied modal screen-reader failure case fits the generated Resources section and which source-of-truth path to use before opening a PR; the creator/freemium relationship is disclosed and no paid, affiliate, reciprocal, or special link treatment was requested. Risk: Modal shares a generated resource profile with Popover and Tooltip, maintainer scope approval is pending, and no live FrontendAtlas placement exists.	https://github.com/thedaviddias/ux-patterns-for-developers/issues/263
adobe.com	react-aria.adobe.com	React Aria Modal applied accessibility incident	official_docs	https://react-aria.adobe.com/Modal	https://frontendatlas.com/incidents/modal-screen-reader-failure	issue	human_negative	2026-09-02	2026-09-06		Public issue 10553 was submitted on 2026-09-02 and closed the same day after a maintainer declined external learning-resource links outside reference documentation. Preserve this direct editorial decision as human_negative; do not reopen the issue or prepare the proposed documentation PR. No CLA action or accepted documentation placement is verified.	https://github.com/adobe/react-spectrum/issues/10553
zagjs.com	zagjs.com	Zag.js Dialog applied accessibility incident	official_docs	https://zagjs.com/components/react/dialog	https://frontendatlas.com/incidents/modal-screen-reader-failure	discussion	submitted	2026-09-02	2026-09-02	2026-09-09	Research score 90/100. Day-of-action registry, historical reports, Gmail Sent, GitHub author searches, and two repository Discussion searches were clear for zagjs.com and chakra-ui/zag. Public Ideas discussion 3312 is open and asks whether an optional applied modal accessibility incident fits after the existing WAI-ARIA APG reference; the creator/freemium relationship is disclosed and no paid, affiliate, reciprocal, or special link treatment was requested. Risk: third-party resource scope is pending maintainer approval, no documentation PR was opened, and no live FrontendAtlas placement exists.	https://github.com/chakra-ui/zag/discussions/3312
heroui.com	heroui.com	HeroUI Modal applied accessibility incident	official_docs	https://heroui.com/en/docs/react/components/modal	https://frontendatlas.com/incidents/modal-screen-reader-failure	discussion	submitted	2026-09-02	2026-09-02	2026-09-09	Research score 90/100. Day-of-action registry, historical reports, Gmail Sent, GitHub author searches, and two repository Discussion searches were clear for heroui.com and heroui-inc/heroui. Public Ideas discussion 6820 is open and asks whether an optional applied modal screen-reader failure exercise fits after the current v3 Accessibility checklist before any documentation PR; the creator/freemium relationship is disclosed and no paid, affiliate, reciprocal, or special link treatment was requested. Risk: third-party resource scope and the correct v3 source path are pending maintainer approval, no documentation PR was opened, and no live FrontendAtlas placement exists.	https://github.com/heroui-inc/heroui/discussions/6820
system-design-handbook.pages.dev	system-design-handbook.pages.dev	System Design Handbook External Resources frontend companion	learning_resource_hub	https://system-design-handbook.pages.dev/en/external-resources/	https://frontendatlas.com/guides/system-design-blueprint	issue	submitted	2026-09-02	2026-09-02	2026-09-09	Research score 86/100. Day-of-action registry, historical reports, Gmail Sent, and GitHub issue and pull-request searches were clear for system-design-handbook.pages.dev and Cactusinhand/system-design-handbook. The live External Resources page explicitly welcomes high-quality suggestions and contains permanent direct outbound resource links. Public issue 1 is open and asks whether the frontend-focused blueprint fits Comprehensive Guides and which repository/source path owns the deployed page before any PR; the creator/freemium relationship is disclosed and no paid, affiliate, reciprocal, or special link treatment was requested. Risk: the deployed site source is absent from the public repository, maintainer routing and scope approval are pending, and no live FrontendAtlas placement exists. Two final direct availability checks timed out after the page had passed the action-time browser validation, so this row is treated as a contingency contact and excluded from the 10 currently live-source finalists until availability recovers.	https://github.com/Cactusinhand/system-design-handbook/issues/1
patterns.totorojam.com	patterns.totorojam.com	Battle-Tested Patterns React Further Reading	open_source_resource	https://patterns.totorojam.com/by-project/react	https://frontendatlas.com/guides/framework-prep/react-prep-path	pull_request	submitted	2026-09-02	2026-09-04	2026-09-11	Score fit 25/30; acceptance 20/25; link 20/20; trust 12/15; permanence/ease 8/10; total 85/100. Day-of-action registry, historical reports, GitHub issue and pull-request author searches, and repository Discussion search were clear for patterns.totorojam.com and Totoro-jam/battle-tested-patterns. The live React page has a permanent Further Reading section; the comparable React Fiber Architecture link is a direct href with raw rel=noreferrer, and the source is indexable and self-canonical with no redirect. In public Ideas discussion 86, the maintainer invited a PR to review the proposed placement. Draft PR 92 was submitted on 2026-09-04 with creator/freemium disclosure and no reciprocal, paid, affiliate, or special link treatment requested; it changes only the EN/ZH Further Reading entries and does not claim approval. Risk: the project is young, no review SLA is stated, and no live FrontendAtlas placement exists until the PR is merged and deployed.	https://github.com/Totoro-jam/battle-tested-patterns/pull/92
mdxjs.com	mdxjs.com	MDX Getting started JavaScript prerequisite companion	open_source_resource	https://mdxjs.com/docs/getting-started/	https://frontendatlas.com/guides/framework-prep/javascript-prep-path	discussion	submitted	2026-09-02	2026-09-02	2026-09-09	Score fit 25/30; acceptance 21/25; link 20/20; trust 14/15; permanence/ease 9/10; total 89/100. Day-of-action registry, historical reports, Gmail Sent, GitHub issue and pull-request author searches, and two organization Discussion searches were clear for mdxjs.com and mdx-js/mdx. The live Getting started page has a permanent Prerequisites section; its comparable Node.js link uses raw href=//nodejs.org with no rel attribute, and the source is indexable and self-canonical with no redirect. Public Ideas discussion 2693 is open and asks whether the free JavaScript interview-preparation refresher fits before any PR; the creator/freemium relationship is disclosed and no paid, affiliate, reciprocal, or special link treatment was requested. Risk: the existing Further reading section is internal-only, interview framing may be outside MDX documentation scope, maintainer approval is pending, and no live FrontendAtlas placement exists.	https://github.com/orgs/mdx-js/discussions/2693
docusaurus.io	docusaurus.io	Docusaurus MDX and React optional React refresher	official_docs	https://docusaurus.io/docs/markdown-features/react	https://frontendatlas.com/guides/framework-prep/react-prep-path	issue	submitted	2026-09-02	2026-09-02	2026-09-09	Score fit 23/30; acceptance 18/25; link 20/20; trust 15/15; permanence/ease 8/10; total 84/100. Day-of-action registry, historical reports, Gmail Sent, GitHub author searches, and duplicate-topic searches were clear for docusaurus.io and facebook/docusaurus. The live MDX and React page contains a permanent direct link to MDX with exact href=https://mdxjs.com/ and raw rel=noopener noreferrer; the source is indexable and self-canonical. Public documentation issue 12401 is open and asks whether a clearly optional React refresher fits before any PR; the creator/freemium relationship is disclosed, no reciprocal or special link treatment was requested, and the self-service box was deliberately left unchecked. Risk: interview-oriented preparation may be outside Docusaurus documentation scope, maintainer approval is pending, any later PR would require separate Meta CLA review, no CLA action was taken, and no live FrontendAtlas placement exists.	https://github.com/facebook/docusaurus/issues/12401
elastic.co	eui.elastic.co	Elastic EUI Accessibility guidelines ARIA companion	official_docs	https://eui.elastic.co/docs/getting-started/accessibility/	https://frontendatlas.com/html/trivia/html-aria-roles	issue	submitted	2026-09-02	2026-09-02	2026-09-09	Score fit 26/30; acceptance 20/25; link 20/20; trust 15/15; permanence/ease 9/10; total 90/100. Day-of-action registry, historical reports, Gmail Sent, GitHub author searches, and duplicate-topic searches were clear for elastic.co, eui.elastic.co, and elastic/eui. The live Accessibility guidelines page contains permanent Further reading lists; its comparable WCAG 2.1 link uses exact href=https://www.w3.org/TR/WCAG21/ and raw rel=noopener noreferrer. The source returned direct HTTPS 200 with no X-Robots-Tag, no meta robots directive, and an exact self-canonical. Public issue 9991 is open and asks whether the free ARIA companion fits before any PR; creator/freemium affiliation and AI drafting assistance are disclosed and no paid, affiliate, reciprocal, or special link treatment was requested. Risk: community PRs require prior maintainer agreement and a help wanted label, scope approval is pending, and no live FrontendAtlas placement exists.	https://github.com/elastic/eui/issues/9991
karanpratapsingh.com	www.karanpratapsingh.com	System Design course Next Steps frontend blueprint	learning_resource_hub	https://www.karanpratapsingh.com/courses/system-design/next-steps	https://frontendatlas.com/guides/system-design-blueprint	issue	submitted	2026-09-02	2026-09-02	2026-09-09	Score fit 28/30; acceptance 20/25; link 20/20; trust 14/15; permanence/ease 8/10; total 90/100. Day-of-action registry, historical reports, Gmail Sent, GitHub author searches, and duplicate-topic searches were clear for karanpratapsingh.com and karanpratapsingh/portfolio. The live Next Steps page contains a permanent additional-resources list; its comparable Distributed Systems link uses exact href=https://www.youtube.com/watch?v=UEAMfLPZZhE&list=PLeKd45zvjcDFUEv_ohr_HdUFe97RItdiB and raw rel=noopener noreferrer. The final www URL returned HTTPS 200 with no X-Robots-Tag and meta robots=follow, index; its canonical is the equivalent non-www URL, which cleanly redirects once to www. Public issue 64 is open and asks scope before any PR; creator/freemium affiliation and AI drafting assistance are disclosed and no paid, affiliate, reciprocal, or special link treatment was requested. Risk: the exact course page is older, no review SLA is stated, maintainer approval is pending, repository contribution licensing would require separate review before any PR, and no live FrontendAtlas placement exists.	https://github.com/karanpratapsingh/portfolio/issues/64
campusunite.in	www.campusunite.in	CampusUnite technical interview resources	learning_resource_hub	https://www.campusunite.in/resources	https://frontendatlas.com/interview-questions/essential	email	contacted	2026-09-02	2026-09-02	2026-09-05	Score fit 30/30; acceptance 25/25; link 20/20; trust/referral 5/15 (Semrush AS and traffic unavailable and scored 0; visible topical audience 5); permanence/ease 10/10; total 90/100. Browser DOM verified a permanent direct href=https://www.interviewbit.com/interview-questions with rel=noopener; self-canonical, index,follow, robots allowed, final HTTP 200, zero redirects, and no X-Robots. The public channel promises review within 48 hours and exposes no fee. On 2026-09-02 a concise creator/freemium-disclosed resource suggestion for Essential 60 was sent through the official channel; Gmail returned a verified SENT result. No payment, reciprocal link, or special rel treatment was requested. Risk: editorial acceptance is pending.	https://www.campusunite.in/resources
template.tips	template.tips	Template Tips web developer learning resources	learning_resource_hub	https://template.tips/resources	https://frontendatlas.com/interview-questions/essential	form	excluded		2026-09-02		Day-of-action verification invalidated the opportunity. The public modal was filled and its Submit Suggestion button was clicked, but no network submission or durable receipt occurred. Inspection of the live JavaScript handler showed it only validates title/URL, waits 600 ms, displays a client-side success toast, clears fields, and closes the modal; it contains no fetch, API call, or form action. The apparent success is therefore not delivery evidence and the official free-channel hard gate fails. No account, message, issue, PR, payment, reciprocal link, or special rel request was created.	https://template.tips/resources
atconnect.info	atconnect.info	ATconnect assistive technology resource hub	accessibility_resource	https://atconnect.info/boggle-bci-browser	https://frontendatlas.com/html/trivia/web-accessibility-make-page-accessible	form	submitted	2026-09-02	2026-09-02	2026-09-09	Score fit 24/30; acceptance 25/25; link 20/20; trust/referral 5/15 (Semrush AS and traffic unavailable and scored 0; visible topical audience 5); permanence/ease 10/10; total 84/100. Browser DOM verified the comparable permanent direct href, exact self-canonical, indexability, robots allowance, HTTP 200, zero redirects, and clean rel. On 2026-09-02 the official resource form was submitted with creator/freemium disclosure, the free accessibility lesson URL, and no paid, reciprocal, or special rel request. The post-submit page displayed the explicit status receipt 'We may contact you should we need further information'; the page states review within 7 days. Risk: acceptance depends on ATconnect's assistive-technology evidence and anti-promotion review.	https://atconnect.info/submit-resource-or-programme
aimogger.com	resources.aimogger.com	AI Mogger coding guides	learning_resource_hub	https://resources.aimogger.com/coding/5-free-ui-component-websites-developers-should-bookmark	https://frontendatlas.com/machine-coding	form	planned_not_sent		2026-09-02	2026-09-09	Score fit 26/30; acceptance 25/25; link 16/20; trust/referral 5/15 (Semrush AS and traffic unavailable and scored 0; visible topical audience 5); permanence/ease 10/10; total 82/100. Day-of-action Browser reverified the direct clean live link, HTTP 200 source, public free no-signup policy, and real POST /api/submit handler. The form was completed with creator/freemium disclosure and no paid, affiliate, reciprocal, or special rel request, but the live backend returned an explicit schema-cache error because the submissions table lacked the expected category_id column. No success receipt or delivery evidence exists, so the row remains not sent and should be rechecked after 2026-09-09 rather than automatically retried. Risk: broken submission backend and AI-heavy catalog.	https://resources.aimogger.com/submit
learntocodefree.com	learntocodefree.com	Learn To Code Free roadmap resources	learning_resource_hub	https://learntocodefree.com/	https://frontendatlas.com/guides/framework-prep/javascript-prep-path	pull_request	submitted	2026-09-02	2026-09-02	2026-09-09	Score fit 30/30; acceptance 20/25; link 20/20; trust/referral 5/15 (Semrush AS and traffic unavailable and scored 0; visible topical audience 5); permanence/ease 7/10; total 82/100. Day-of-action registry, Gmail, and GitHub issue/PR duplicate checks were clear. Public issue 1 requests scope approval for the free JavaScript preparation path before any content change; it discloses creator/freemium affiliation and AI drafting assistance, and requests no paid, affiliate, reciprocal, or special link treatment. Risk: the organization policy accepts educational resources but does not document the website publication path or review SLA; maintainer approval is pending and no live FrontendAtlas placement exists.	https://github.com/learntocodefree/.github/issues/1
reacttoolkit.vercel.app	reacttoolkit.vercel.app	ReactToolkit curated React resources	open_source_resource	https://reacttoolkit.vercel.app/resources	https://frontendatlas.com/guides/framework-prep/react-prep-path	issue	submitted	2026-08-31	2026-09-02	2026-09-07	Score fit 29/30; acceptance 20/25; link 20/20; trust/referral 5/15 (Semrush AS and traffic unavailable and scored 0; visible topical audience 5); permanence/ease 8/10; total 82/100. Day-of-action GitHub recheck found public issue 24 already open from the user's account since 2026-08-31 for this exact React preparation path, so no duplicate outreach was sent. The existing issue follows the official resource template, identifies the submission as self-submitted, and accurately discloses that the guide is free while some linked practice content may require premium access. Risk: the project has a small audience, maintainer acceptance is pending, and no live FrontendAtlas placement exists.	https://github.com/drbarzaga/ReactToolkit-VSCE/issues/24
rudra496.github.io	rudra496.github.io	DevRoadmaps frontend roadmap resources	open_source_resource	https://rudra496.github.io/devroadmaps/roadmap.html?roadmap=frontend	https://frontendatlas.com/guides/framework-prep/react-prep-path	pull_request	submitted	2026-09-02	2026-09-02	2026-09-09	Score fit 30/30; acceptance 20/25; link 20/20; trust/referral 5/15 (Semrush AS and traffic unavailable and scored 0; visible topical audience 5); permanence/ease 7/10; total 82/100. Day-of-action registry, Gmail, GitHub issue/PR, and code duplicate checks were clear. Public PR 25 is open and mergeable; its one-file change adds the free React preparation guide as the fourth resource in the existing react-basics node. The updated JSON parsed successfully, all 52 node IDs remained unique, and every node retained 2-4 resources. The PR discloses creator/freemium affiliation and AI drafting assistance and requests no paid, affiliate, reciprocal, or special link treatment; an automated receipt confirms maintainer review is queued. Risk: acceptance is pending, the query view canonicalizes to the shared roadmap page, and no live FrontendAtlas placement exists.	https://github.com/rudra496/devroadmaps/pull/25
developlist.com	developlist.com	DevelopList curated developer resources	developer_resource_directory	https://developlist.com/resources/super-color-palette	https://frontendatlas.com/	form	submitted	2026-09-02	2026-09-02	2026-09-09	Score fit 30/30; acceptance 20/25; link 16/20; trust/referral 5/15 (Semrush AS and traffic unavailable and scored 0; visible topical audience 5); permanence/ease 9/10; total 80/100. Day-of-action registry and Gmail collision checks were clear, and Browser confirmed the official form posts to the site's resources endpoint. The form was submitted with the public homepage, creator/freemium and AI-assistance disclosures, and no paid, affiliate, reciprocal, or special link treatment request. The live page displayed the explicit receipt 'Your resource has been submitted for review.' Risk: no review SLA is stated, the example page lacks a canonical, acceptance is pending, and no live FrontendAtlas placement exists.	https://developlist.com/submit
xraccessibility.github.io	xraccessibility.github.io	XRAccessibility developer resources	accessibility_resource	https://xraccessibility.github.io/	https://frontendatlas.com/html/trivia/web-accessibility-make-page-accessible	email	contacted	2026-09-02	2026-09-02	2026-09-09	Score fit 24/30; acceptance 20/25; link 20/20; trust/referral 5/15 (Semrush AS and traffic unavailable and scored 0; visible topical audience 5); permanence/ease 10/10; total 79/100. Day-of-action registry and Gmail Sent/Drafts/Scheduled checks were clear, and Browser reconfirmed the official Contributions Welcome policy and published contact channel. A concise scope-aware suggestion for the free accessibility walkthrough was sent through that channel; Gmail returned a verified SENT result. The message discloses creator/freemium affiliation and AI drafting assistance, requests no paid, affiliate, reciprocal, or special link treatment, and explicitly notes that the resource is not XR-specific. Risk: XR fit is uncertain, no review SLA is stated, acceptance is pending, and no live FrontendAtlas placement exists.	https://xraccessibility.github.io/
sjapathway.com	webpath.sjapathway.com	WebPath React learning resources	open_source_resource	https://webpath.sjapathway.com/paths/frontend/react-basics	https://frontendatlas.com/guides/framework-prep/react-prep-path	pull_request	submitted	2026-09-02	2026-09-02	2026-09-09	Score fit 30/30; acceptance 20/25; link 16/20; trust/referral 5/15 (Semrush AS and traffic unavailable and scored 0; visible topical audience 5); permanence/ease 7/10; total 78/100. Day-of-action registry, Gmail, GitHub issue/PR/code, upstream dev SHA, and overlapping PR 121 checks were clear. Public PR 127 is open and mergeable against dev; its one-file, one-commit diff adds the public React preparation path to the existing react-basics resources while keeping official React docs primary. JSON parsing and the production build passed; lint was run and exposed only two pre-existing errors in unchanged TSX files plus eight warnings, all disclosed in the PR. Creator/freemium and AI-assistance disclosures are present, with no paid, affiliate, reciprocal, or special link treatment request. Risk: the live contribution link is stale, the repo has a sizeable backlog, acceptance is pending, and no live FrontendAtlas placement exists.	https://github.com/SJA-Pathway/WebPath/pull/127
binhnguyennus.github.io	binhnguyennus.github.io	Awesome Scalability system design interview resources	open_source_resource	https://binhnguyennus.github.io/awesome-scalability/	https://frontendatlas.com/guides/system-design-blueprint	pull_request	submitted	2026-09-03	2026-09-03	2026-09-10	Score fit 30/30; acceptance 25/25; link 20/20; trust/referral 15/15; permanence/ease 9/10; total 99/100. Day-of-action registry, Gmail, live-page, and GitHub issue/PR/code duplicate checks were clear; the Semrush recheck could not run because the account lacked API units. Browser reconfirmed the published self-canonical page, no noindex, and a permanent Interview-section direct link with rel absent. Public PR 131 is open against upstream master; its verified one-commit, one-file diff adds the public Frontend System Design Interview Blueprint at the bottom of Interview with one addition, zero deletions, and no base conflict. The PR discloses creator/freemium affiliation and AI drafting assistance and requests no paid, affiliate, reciprocal, or special link treatment. Risk: manual review is pending, acceptance is not guaranteed, and no live FrontendAtlas placement exists.	https://github.com/binhnguyennus/awesome-scalability/pull/131
fountn.design	fountn.design	Fountn accessible interface resources	resource_library	https://fountn.design/resource/react-aria-accessible-ui-primitives-by-adobe/	https://frontendatlas.com/html/coding/html-tables-accessibility	form	submitted	2026-09-03	2026-09-03	2026-09-10	Score fit 28/30; acceptance 25/25; link 20/20; trust/referral 15/15; permanence/ease 10/10; total 98/100. Day-of-action registry, Gmail, Google domain, live source, and target-page duplicate/fit checks were clear; the Semrush recheck could not run because the account lacked API units. Browser reconfirmed the self-canonical indexable source and a direct permanent link with rel="noopener". The official branded URL resolved to the live no-account Notion form, which was submitted with the public accessibility exercise plus creator/freemium and AI-assistance disclosures and no paid, affiliate, reciprocal, or special link treatment request. The form returned the explicit receipt 'Your response has been submitted.' Risk: the intake form is noindex, review timing and acceptance are unknown, the catalogue promotes an optional Pro product, and no live FrontendAtlas placement exists.	https://link.fountn.design/submit
components-lib-web-theta.vercel.app	components-lib-web-theta.vercel.app	Design Garage interface resources and frontend tools	open_source_resource	https://components-lib-web-theta.vercel.app/	https://frontendatlas.com/machine-coding	issue	submitted	2026-09-03	2026-09-03	2026-09-10	Score fit 29/30; acceptance 25/25; link 19/20; trust/referral 14/15; permanence/ease 8/10; total 95/100. Day-of-action registry, Gmail, Google domain, live directory, GitHub code, and open/closed issue/PR duplicate checks were clear; the Semrush recheck could not run because the account lacked API units. Browser reconfirmed the self-canonical page and its client-rendered Directory direct <a href="https://ui.aceternity.com" rel="noopener noreferrer">. The official inline Suggest flow generated the reviewed GitHub payload, and public issue 4 is open with the canonical Machine Coding URL, Frontend Tools category/tags, creator/freemium and AI-assistance disclosures, and no paid, affiliate, reciprocal, or special link treatment request. Risk: publication requires maintainer review, the Vercel deployment is young, acceptance is pending, and no live FrontendAtlas placement exists.	https://github.com/sugumaran-nix/WebUI-Libraries/issues/4
woojiahao.com	interviews.woojiahao.com	Technical Interview Study Guide system design resources	resource_library	https://interviews.woojiahao.com/other-technical-topics/system-design	https://frontendatlas.com/guides/system-design-blueprint	email	contacted	2026-09-03	2026-09-03	2026-09-10	Score fit 30/30; acceptance 20/25; link 20/20; trust/referral 14/15; permanence/ease 10/10; total 94/100. Day-of-action registry, Gmail, Google domain, live source, repository code, and open/closed issue/PR duplicate checks were clear; the Semrush recheck could not run because the account lacked API units. Browser reconfirmed the self-canonical indexable System Design page and its direct permanent link with rel absent, plus the homepage's current invitation to contribute by email. A concise scope-aware suggestion for the public frontend system-design blueprint was sent once; Gmail returned a verified SENT result. The message discloses creator/freemium affiliation and AI drafting assistance and requests no paid, affiliate, reciprocal, or special link treatment. Risk: no public SLA or recent third-party acceptance trace, a single-maintainer workflow, and no live FrontendAtlas placement exists.	https://interviews.woojiahao.com/
bobatalks.com	www.bobatalks.com	BobaTalks career prep and internship resources	resource_library	https://www.bobatalks.com/resource-categories/career-prep-internship	https://frontendatlas.com/interview-questions/essential	form	submitted	2026-09-03	2026-09-03	2026-09-10	Score fit 30/30; acceptance 20/25; link 19/20; trust/referral 15/15; permanence/ease 10/10; total 94/100. Day-of-action registry, Gmail, Google domain, live source, and target-page duplicate/fit checks were clear; the Semrush recheck could not run because the account lacked API units. Browser reconfirmed the indexable same-root canonical source and direct permanent links with rel absent. The official Google Form was submitted in Career prep & internships as a Software/Web Tool, within its 35-character title and 120-character description limits; the concise disclosure accurately states 27 free and 33 premium prompts, creator submission, AI assistance, and no paid or reciprocal request. The form returned the explicit receipt 'Yanıtınız kaydedildi.' Risk: no public dated acceptance trail or review SLA, the www/apex canonical differs within the same registrable domain, and no live FrontendAtlas placement exists.	https://forms.gle/R7fLAmSsw8abtk1c9
devtool.center	www.devtool.center	DevTool Center curated developer tools	developer_resource_directory	https://www.devtool.center/tools	https://frontendatlas.com/tools/cv	form	submitted	2026-09-03	2026-09-03	2026-09-10	Score fit 28/30; acceptance 25/25; link 18/20; trust/referral 13/15; permanence/ease 9/10; total 93/100. Day-of-action registry, Gmail, Google domain, official-repository code, and open/closed issue/PR duplicate checks were clear; the Semrush recheck could not run because the account lacked API units. Browser reconfirmed the indexable catalogue, absent canonical rather than cross-canonical, and a direct permanent link with rel="noopener noreferrer". The free no-account form was submitted as Productivity with Free Plan Available and development/workspace/organization tags; its concise description includes creator/freemium and AI-assistance disclosures, file-handling facts, and no paid or reciprocal request. The site returned 'Submission Received!', placed it in the review queue, and stated review within 24 hours. Risk: young/small domain, missing canonical, CV-linter categorization remains discretionary, and no live FrontendAtlas placement exists.	https://www.devtool.center/submit
rcvda.org.uk	www.rcvda.org.uk	RCVDA digital accessibility resources	accessibility_resource	https://www.rcvda.org.uk/resources/digital-resources/	https://frontendatlas.com/html/trivia/web-accessibility-make-page-accessible	form	submitted	2026-09-03	2026-09-03	2026-09-10	Score fit 24/30; acceptance 24/25; link 20/20; trust/referral 12/15; permanence/ease 10/10; total 90/100. Day-of-action registry, Gmail, Google domain, live source, and target-page duplicate/fit checks were clear; the Semrush recheck could not run because the account lacked API units. Browser reconfirmed the self-canonical indexable source and its Accessibility-section direct permanent link with rel absent, plus the live free Suggest a Resource form on the July 2026-updated page. The form was submitted once with a voluntary-sector-oriented accessibility workflow and creator/freemium and AI-assistance disclosures, with no paid, affiliate, reciprocal, or special link treatment request. After processing, the page returned the explicit receipt 'Thanks for contacting us! We will be in touch with you shortly.' Risk: UK voluntary-sector fit is narrower, no separately dated accepted-submission trail or review SLA is public, and no live FrontendAtlas placement exists.	https://www.rcvda.org.uk/resources/digital-resources/
artsaccesshub.org	artsaccesshub.org	Arts and Culture Accessibility Hub resources	accessibility_resource	https://artsaccesshub.org/resources/	https://frontendatlas.com/incidents/modal-screen-reader-failure	form	submitted	2026-09-03	2026-09-03	2026-09-10	Score fit 25/30; acceptance 23/25; link 18/20; trust/referral 14/15; permanence/ease 10/10; total 90/100. Day-of-action registry, Gmail, Google domain, live source, official contribution page, and target-page duplicate/fit checks were clear; the Semrush recheck could not run because the account lacked API units. Browser reconfirmed the indexable catalogue, absent canonical rather than cross-canonical, and a direct permanent link with rel absent, plus the self-canonical Contribute page's live SurveyMonkey channel. The survey was completed as Website Accessibility / Website / How-to-Guide with FrontendAtlas maintainer credit and an accurate free-to-view/freemium distinction; its resource branch exposed no general description field, so no AI-assistance disclosure was transmitted, while no paid, affiliate, reciprocal, or special link request was made. It returned both 'Thank you for your submission!' and final 'Thank you for taking this survey.' receipts. Risk: arts/culture fit is narrower, no public dated acceptance trace, the source lacks a canonical, and no live FrontendAtlas placement exists.	https://artsaccesshub.org/contribute/
stackindex.dev	stackindex.dev	StackIndex frontend developer tool catalogue	developer_resource_directory	https://stackindex.dev/tool/react/	https://frontendatlas.com/	form	planned_not_sent		2026-09-03	2026-09-10	Score fit 28/30; acceptance 20/25; link 20/20; trust/referral 13/15; permanence/ease 8/10; total 89/100. Day-of-action registry, Gmail, Google domain, live source, and target-page duplicate/fit checks were clear; the Semrush recheck could not run because the account lacked API units. Browser reconfirmed the self-canonical tool page and direct permanent link with rel="noopener noreferrer", and the public form's private-issue workflow. The official tool-submission form was completed once with creator/freemium/AI disclosures and an explicit no-open-source-licence statement, but returned "Unable to submit your request right now." The separately published general-contact route was then attempted once as a disclosed fallback and returned the same error. No delivery was verified and no further retry was made. Risk: both official routes were unavailable, private issue visibility prevents independent verification, and no live FrontendAtlas placement exists.	https://stackindex.dev/contact/?type=tool_submission
miculturalaccess.org	www.miculturalaccess.org	Michigan Alliance for Cultural Accessibility resources	accessibility_resource	https://www.miculturalaccess.org/resources	https://frontendatlas.com/incidents/modal-screen-reader-failure	form	submitted	2026-09-03	2026-09-03	2026-09-10	Score fit 23/30; acceptance 22/25; link 20/20; trust/referral 13/15; permanence/ease 10/10; total 88/100. Day-of-action registry, Gmail, Google domain, live source, official intake, and target-page duplicate/fit checks were clear; the Semrush recheck could not run because the account lacked API units. Browser reconfirmed the self-canonical, indexable resources page and its direct permanent W3C link with rel absent, plus the self-canonical official form and the target route's self-canonical index,follow status. The form was submitted once with the maintainer identity and authenticated contact address, a cultural-institution audience description, the accurate free-to-view/freemium distinction, AI-assistance disclosure, and no paid, affiliate, reciprocal, or special-link request; it returned an explicit "Thank you!" receipt. Risk: Michigan cultural-institution fit is narrower, the newest explicitly dated catalogue item found was March-April 2025, acceptance is pending, and no live FrontendAtlas placement exists.	https://www.miculturalaccess.org/addaresource
ons.gov.uk	service-manual.ons.gov.uk	ONS Design System timeout modal supplementary accessibility example	accessibility_resource	https://service-manual.ons.gov.uk/design-system/components/timeout-modal	https://frontendatlas.com/incidents/modal-screen-reader-failure	discussion	submitted	2026-09-03	2026-09-03	2026-09-10	Score fit 30/30; acceptance 25/25; link 20/20; trust/referral 5/15 (Semrush exact-page and root metrics unavailable and scored 0; visible topical audience 5); permanence/ease 10/10; total 90/100. Day-of-action registry, 515-root historical suppression, Gmail Sent/Drafts/Scheduled, live source, target page, and GitHub discussion duplicate checks were clear; the current Semrush referring-domain recheck remained unavailable because the daily quota and API units were exhausted, and outreach proceeded under the user's explicit direction. Browser reconfirmed the GET 200, zero-redirect, self-canonical and indexable timeout-modal page and its permanent main-content direct href to the GDS prototype/research with rel="noopener" and no nofollow, ugc, or sponsored token. One scope-aware comment was posted to the component's official discussion with creator, free-linked-resource/freemium-platform, and AI-assistance disclosures and no paid, reciprocal, or special-link request. Risk: ONS requires service-level usefulness and research evidence; acceptance is pending and no live FrontendAtlas placement exists.	https://github.com/ONSdigital/design-system/discussions/1771#discussioncomment-18268881
cabinet-office.gov.uk	gds-way.digital.cabinet-office.gov.uk	The GDS Way frontend performance Further reading	government_resource	https://gds-way.digital.cabinet-office.gov.uk/standards/optimise-frontend-perf.html	https://frontendatlas.com/guides/system-design-blueprint/performance	pull_request	submitted	2026-09-03	2026-09-03	2026-09-10	Score fit 29/30; acceptance 25/25; link 20/20; trust/referral 5/15 (Semrush exact-page and root metrics unavailable and scored 0; visible topical audience 5); permanence/ease 10/10; total 89/100. Day-of-action registry, 515-root historical suppression, Gmail Sent/Drafts/Scheduled, live source, target page, and repository code/issue/PR/discussion duplicate checks were clear; the current Semrush referring-domain recheck remained unavailable because the daily quota and API units were exhausted, and outreach proceeded under the user's explicit direction. Browser reconfirmed the GET 200, zero-redirect, self-canonical and indexable performance page and permanent main-content direct followed links. A public fork was created and PR 1265 is open, cleanly mergeable, and changes one documentation file with exactly two additions and zero deletions: one Further reading bullet and its reference definition. The PR discloses creator, free-linked-guide/freemium-platform, and AI assistance, notes its interview framing and that no local build ran, and requests no paid, affiliate, reciprocal, or special link treatment. Risk: The GDS Way primarily serves the internal GDS Digital Products community, maintainer review is pending, no automated checks are exposed yet, and no live FrontendAtlas placement exists.	https://github.com/alphagov/gds-way/pull/1265
openedx.org	docs.openedx.org	Open edX accessibility reference supplementary review workflow	accessibility_resource	https://docs.openedx.org/en/latest/developers/references/a11y-ref.html	https://frontendatlas.com/html/trivia/web-accessibility-make-page-accessible	issue	human_negative	2026-09-03	2026-09-03		Score fit 29/30; acceptance 25/25; link 20/20; trust/referral 5/15 (Semrush exact-page and root metrics unavailable and scored 0; visible topical audience 5); permanence/ease 9/10; total 88/100. Day-of-action registry, 515-root historical suppression, Gmail Sent/Drafts/Scheduled, live source, target page, and repository code/issue/PR duplicate checks were clear; the current Semrush referring-domain recheck remained unavailable because the daily quota and API units were exhausted, and outreach proceeded under the user's explicit direction. Browser reconfirmed the GET 200, zero-redirect, self-canonical and indexable accessibility reference and its permanent main-content direct followed external links. Following the current documentation guide, issue 1516 was opened with the existing-file template before any content PR; it proposed one optional practical review-workflow link after the manual-versus-automated testing overview. The issue disclosed creator, free-linked-page/freemium-platform, and OpenAI-assisted drafting, stated that the suggestion was supplementary, and requested no paid, affiliate, reciprocal, or special-link treatment. An untouched public fork was created before the issue-first requirement was reconfirmed; no file change or commit was made. A repository contributor then declined and closed the issue, explaining that external documentation links should be canonical, entirely free sources such as MDN or official WCAG rather than a service with paid content. This is a terminal human editorial rejection; no follow-up was sent and no live FrontendAtlas placement exists.	https://github.com/openedx/docs.openedx.org/issues/1516#issuecomment-5526863114
homeoffice.gov.uk	design.homeoffice.gov.uk	Home Office service-timeout modal implementation and regression example	accessibility_resource	https://design.homeoffice.gov.uk/design-system/patterns/help-users-to/manage-service-timing-out	https://frontendatlas.com/incidents/modal-screen-reader-failure	discussion	submitted	2026-09-03	2026-09-03	2026-09-10	Score fit 30/30; acceptance 20/25 (Orta: explicit free page-specific discussion and appropriate scope, but no qualifying recent thread activity); link 18/20 (direct href 5, clean rel 5, permanent context 4, indexable but canonical absent 2, zero redirect 2); trust/referral 5/15 (Semrush exact-page and root metrics unavailable and scored 0; visible topical audience 5); permanence/ease 10/10; total 83/100. Day-of-action registry, 515-root historical suppression, Gmail Sent/Drafts/Scheduled, live source, target page, and repository code/issue/PR/discussion duplicate checks were clear; the current Semrush referring-domain recheck remained unavailable because the daily quota and API units were exhausted, and outreach proceeded under the user's explicit direction. Browser reconfirmed the live timeout-pattern page, no noindex directive, no canonical element, zero URL normalization, and permanent main-content direct W3C and official-discussion hrefs with rel absent. One comment was posted to the exact discussion linked by the page, clearly framing the FrontendAtlas incident as a supplementary implementation/regression exercise rather than Home Office user research or a replacement for the acceptance criteria. It discloses creator, free-linked-exercise/freemium-platform, and AI assistance and requests no paid, affiliate, reciprocal, or special link treatment. Risk: the discussion emphasizes actual service research, its prior visible activity ended in 2024, acceptance is pending, and no live FrontendAtlas placement exists.	https://github.com/UKHomeOffice/design-system/discussions/544#discussioncomment-18269098
vanillaframework.io	vanillaframework.io	Vanilla Framework modal accessibility Resources example	accessibility_resource	https://vanillaframework.io/docs/patterns/modal/accessibility	https://frontendatlas.com/incidents/modal-screen-reader-failure	pull_request	submitted	2026-09-03	2026-09-03	2026-09-10	Score fit 30/30; acceptance 25/25; link 18/20 (direct href 5, clean rel 5, permanent context 4, indexable but canonical absent 2, zero redirect 2); trust/referral 5/15 (Semrush exact-page and root metrics unavailable and scored 0; visible topical audience 5); permanence/ease 10/10; total 88/100. Day-of-action registry, 515-root historical suppression, Gmail Sent/Drafts/Scheduled, live source, target page, and repository code/issue/PR duplicate checks were clear; the current Semrush referring-domain recheck remained unavailable because the daily quota and API units were exhausted, and outreach proceeded under the user's explicit direction. Browser reconfirmed the live modal accessibility page, no noindex directive, no canonical element, zero URL normalization, and permanent main-content direct W3C hrefs with rel absent. Because external issue creation is currently restricted, the repository's official fork-and-PR route was used. PR 5847 is open and cleanly mergeable at the content level; its net diff is exactly one Markdown addition and zero deletions in one file, adding a worked regression exercise to the existing Resources list. Three small web-edit commits record placement cleanup, while the final aggregate diff is clean. The PR discloses creator, free-linked-exercise/freemium-platform, and AI assistance, reports that no local build ran, and requests no paid, affiliate, reciprocal, or special link treatment. Risk: two required CI checks are still expected/pending, editorial review may prefer only normative standards in Resources, and no live FrontendAtlas placement exists.	https://github.com/canonical/vanilla-framework/pull/5847
nldesignsystem.nl	nldesignsystem.nl	NL Design System keyboard WCAG dialog focus-regression example	accessibility_resource	https://nldesignsystem.nl/wcag/2.1.1/	https://frontendatlas.com/incidents/modal-screen-reader-failure	pull_request	human_negative	2026-09-03	2026-09-03		Score fit 27/30; acceptance 25/25; link 20/20; trust/referral 5/15 (Semrush exact-page and root metrics unavailable and scored 0; visible topical audience 5); permanence/ease 9/10; total 86/100. Day-of-action registry, 515-root historical suppression, Gmail Sent/Drafts/Scheduled, live source, target page, and repository code/issue/PR/discussion duplicate checks were clear; the current Semrush referring-domain recheck remained unavailable because the daily quota and API units were exhausted, and outreach proceeded under the user's explicit direction. Browser reconfirmed the GET 200, zero-redirect, self-canonical and indexable WCAG 2.1.1 page and its permanent main-content direct W3C and editorial-source hrefs with clean rel values. Because external issue creation was restricted, the repository's documented fork-and-PR path was used. PR 4579 was submitted with one commit and one file; the net diff replaced one MDX line with one context-preserving line that added a Dutch-labelled link and explicitly said the English exercise did not replace user research or assistive-technology testing. The Dutch PR description disclosed creator, free-linked-exercise/freemium-platform, and AI assistance, reported that no local build ran, and requested no paid, affiliate, reciprocal, or special-link treatment. An organization member then declined without a detailed editorial rationale and closed the PR. This is a terminal human editorial rejection; no follow-up was sent and no live FrontendAtlas placement exists.	https://github.com/nl-design-system/documentatie/pull/4579#issuecomment-5526857689
patternfly.org	www.patternfly.org	PatternFly modal accessibility Further reading example	accessibility_resource	https://www.patternfly.org/components/about-modal/accessibility/	https://frontendatlas.com/incidents/modal-screen-reader-failure	discussion	submitted	2026-09-03	2026-09-03	2026-09-10	Score fit 28/30; acceptance 25/25; link 18/20 (direct href 5, clean rel 5, permanent context 4, indexable but canonical absent 2, zero redirect 2); trust/referral 5/15 (Semrush exact-page and root metrics unavailable and scored 0; visible topical audience 5); permanence/ease 10/10; total 86/100. Day-of-action registry, 515-root historical suppression, Gmail Sent/Drafts/Scheduled, live source, target page, and organization/repository code/issue/PR/discussion duplicate checks were clear; the current Semrush referring-domain recheck remained unavailable because the daily quota and API units were exhausted, and outreach proceeded under the user's explicit direction. Browser reconfirmed the live About modal accessibility page, no noindex directive, no canonical element, zero URL normalization, and its permanent main-content direct W3C APG href with rel absent and a zero-redirect target. Since external issue creation on patternfly-org is currently restricted, the active organization-level Feature requests channel was used before any PR. Discussion 8574 asks maintainers to choose the correct Modal or About modal Further reading location for a one-line docs change, explains the worked focus-regression value, and states that it supplements rather than replaces normative guidance. It discloses creator, free-linked-exercise/freemium-platform, and AI assistance and requests no paid, affiliate, reciprocal, or special link treatment. Risk: maintainer pre-approval and page placement are pending, the generic Modal page's current W3C example uses a legacy redirect while the recorded About modal example is clean, and no live FrontendAtlas placement exists.	https://github.com/orgs/patternfly/discussions/8574
italia.it	designers.italia.it	Designers Italia keyboard-interaction modal regression example	accessibility_resource	https://designers.italia.it/design-system/fondamenti/accessibilita/	https://frontendatlas.com/incidents/modal-screen-reader-failure	pull_request	submitted	2026-09-03	2026-09-03	2026-09-10	Score fit 27/30; acceptance 25/25; link 18/20 (direct href 5, clean rel 5, permanent context 4, indexable but canonical absent 2, zero redirect 2); trust/referral 5/15 (Semrush exact-page and root metrics unavailable and scored 0; visible topical audience 5); permanence/ease 9/10; total 84/100. Day-of-action registry, 515-root historical suppression, Gmail Sent/Drafts/Scheduled, live source, target page, and repository code/issue/PR duplicate checks were clear; the current Semrush referring-domain recheck remained unavailable because the daily quota and API units were exhausted, and outreach proceeded under the user's explicit direction. Browser reconfirmed the live accessibility-foundations page, no noindex directive, no canonical element, zero URL normalization, and permanent main-content direct external hrefs with no nofollow, ugc, or sponsored token. Because external issue creation is currently restricted, the documentation policy's page-source fork-and-PR route was used. PR 1760 is open with one commit, one file, and exactly one YAML addition and zero deletions, placing an Italian-labelled English practice example immediately after the modal-behaviour item in the manual keyboard-testing checklist. The added sentence and Italian PR description explicitly say the exercise supplements rather than replaces assistive-technology testing or user research, disclose creator, free-linked-exercise/freemium-platform, and AI assistance, report that no local build ran, and request no paid, affiliate, reciprocal, or special link treatment. Risk: Lighthouse, tests, and Vercel checks are expected/pending, Italian public-sector editorial review may reject a third-party English exercise, and no live FrontendAtlas placement exists.	https://github.com/italia/designers.italia.it/pull/1760
typescriptlang.org	www.typescriptlang.org	TypeScript React guide practical JSX runtime comparison	developer_resource	https://www.typescriptlang.org/docs/handbook/react.html	https://frontendatlas.com/react/trivia/react-jsx-transform-and-why-not-required	pull_request	submitted	2026-09-03	2026-09-03	2026-09-10	Score fit 27/30; acceptance 21/25 (Yüksek: explicit free PR channel, recent fast link merge, appropriate React-TypeScript context and active review, offset by stale page history); link 18/20 (direct href 5, clean rel 5, permanent context 4, indexable but canonical absent 2, zero redirect 2); trust/referral 5/15 (Semrush exact-page and root metrics unavailable and scored 0; visible topical audience 5); permanence/ease 9/10; total 80/100. Day-of-action registry, 515-root historical suppression, Gmail Sent/Drafts/Scheduled, live source, target page, and repository code/issue/PR duplicate checks were clear; the current Semrush referring-domain recheck remained unavailable because the daily quota and API units were exhausted, and outreach proceeded under the user's explicit direction. Browser reconfirmed the live React guide, no noindex directive, no canonical element, zero URL normalization, and permanent main-content direct React-TypeScript resource hrefs with rel absent; it also reconfirmed the target's full public JSX/Babel/TypeScript content, self-canonical URL, and index,follow directive. PR 3644 is open with one commit, one file, and exactly two Markdown additions and zero deletions, adding one practical classic-versus-automatic JSX-runtime sentence after the opening paragraph. The PR discloses creator, free-linked-page/freemium-platform, AI assistance, no local build, and the known intermittent Vercel 429 response for non-browser preflights, and requests no paid, affiliate, reciprocal, or special link treatment. Risk: the source page has no canonical element and old content history, automated link checks may encounter the disclosed 429, Microsoft license/CLA and required checks are pending, no CLA was accepted on the user's behalf, and no live FrontendAtlas placement exists.	https://github.com/microsoft/TypeScript-Website/pull/3644
bbc.github.io	bbc.github.io	BBC GEL action-dialog supplementary accessibility regression exercise	accessibility_resource	https://bbc.github.io/gel/components/action-dialogs/	https://frontendatlas.com/incidents/modal-screen-reader-failure	issue	submitted	2026-09-03	2026-09-03	2026-09-10	Score fit 30/30; acceptance 25/25 (Yüksek: explicit free issue-first policy, recent documentation merges, exact action-dialog scope, and active review trace); link 18/20 (direct href 5, clean rel 5, permanent context 4, indexable but canonical absent 2, zero normalization/tracker redirect 2); trust/referral 5/15 (Semrush exact-page and root metrics unavailable and scored 0; visible BBC GEL topical audience 5); permanence/ease 10/10; total 88/100. Day-of-action registry, 515-root historical suppression, Gmail Sent/Drafts/Scheduled, live source, target page, repository source, and GitHub issue/PR duplicate checks were clear; the current Semrush referring-domain recheck remained unavailable because the daily quota and API units were exhausted, and outreach proceeded under the user's explicit direction. Browser reconfirmed the fully rendered action-dialog page at its requested HTTPS URL, no noindex directive, no canonical element rather than an unrelated canonical, no robots.txt rule, and permanent main-content direct external hrefs with rel absent and no nofollow, ugc, or sponsored token. Following the repository's current contribution guide, issue 191 was opened before any PR and proposes a single optional Further reading exercise covering escaped focus, accessible naming, and focus restoration. The issue discloses creator, free-linked-exercise/freemium-platform, OpenAI-assisted drafting, and the intermittent non-browser Vercel 429 risk; it frames the resource as supplementary rather than BBC research or a replacement for assistive-technology testing and requests no paid, affiliate, reciprocal, or special-link treatment. Risk: maintainer approval is pending, the page has no canonical element, automated link checking may encounter the disclosed 429, BBC-specific editorial scope may reject an external product resource, and no live FrontendAtlas placement exists.	https://github.com/bbc/gel/issues/191
caress.dev	www.caress.dev	Guía de entrevistas técnicas FrontendAtlas Essential 60	resource_library	https://github.com/DevCaress/guia-entrevistas-de-programacion/blob/main/CONTRIBUTING.md	https://frontendatlas.com/interview-questions/essential	pull_request	submitted	2026-09-04	2026-09-04	2026-09-11	Score 96/100 (fit 30; acceptance 22.5; link 20; trust/referral 13.5; permanence/ease 10). Pre-action 493 registry roots plus 32 historical-only roots, Gmail Sent/Drafts/Scheduled, and GitHub duplicate checks were clear; Semrush active-referrer check was clear. Browser verified an indexable canonical-equivalent page and permanent direct href with rel absent. PR 33 is open against main with one commit, one file, and +2/-0; creator/freemium disclosure included. Acceptance and live placement remain unverified.	https://github.com/DevCaress/guia-entrevistas-de-programacion/pull/33
theboringeducation.com	resources.theboringeducation.com	The Boring Education Frontend Roadmap system design resource	resource_library	https://github.com/The-Boring-Education/TBE-Web/issues/new?title=%5Bresources%5D+Frontend+Developer+Roadmap+2026	https://frontendatlas.com/system-design	issue	submitted	2026-09-04	2026-09-04	2026-09-11	Score 94.5/100 (fit 30; acceptance 22.5; link 20; trust/referral 12; permanence/ease 10). Pre-action registry, historical-report, Gmail, and GitHub duplicate checks were clear; Semrush recheck was quota-limited. Browser verified a self-canonical indexable roadmap and permanent direct href with rel absent. Issue 1230 is open with creator/freemium disclosure and no paid or reciprocal request. Acceptance and live placement remain unverified.	https://github.com/The-Boring-Education/TBE-Web/issues/1230
danieldelcore.github.io	danieldelcore.github.io	Mega Interview Guide Essential 60 practice resource	resource_library	https://github.com/danieldelcore/mega-interview-guide/pulls	https://frontendatlas.com/interview-questions/essential	pull_request	submitted	2026-09-04	2026-09-04	2026-09-11	Score 93/100 (fit 30; acceptance 20; link 18; trust/referral 15; permanence/ease 10). Pre-action registry, historical-report, Gmail, and GitHub duplicate checks were clear; Semrush recheck was quota-limited. Browser verified a permanent Practice questions href with rel absent, no conflicting canonical, and clean HTTPS delivery. PR 35 is open with one commit, one file, and +1/-0; creator/freemium disclosure included. Acceptance and live placement remain unverified.	https://github.com/danieldelcore/mega-interview-guide/pull/35
ghostbyte.dev	library.ghostbyte.dev	Ghostbyte Library Best Practices FrontendAtlas resource	resource_library	https://github.com/ghostbyte-dev/ghostbyte-library/issues/new	https://frontendatlas.com/machine-coding	issue	submitted	2026-09-04	2026-09-04	2026-09-11	Score 92.5/100 (fit 30; acceptance 22.5; link 18; trust/referral 12; permanence/ease 10). Pre-action registry, historical-report, Gmail, and GitHub duplicate checks were clear; Semrush recheck was quota-limited. Browser verified an indexable Best Practices page and permanent direct href with rel absent; canonical was missing but not conflicting. Issue 5 is open with creator/freemium disclosure and no paid or reciprocal request. Acceptance and live placement remain unverified.	https://github.com/ghostbyte-dev/ghostbyte-library/issues/5
shsfwork.github.io	shsfwork.github.io	Awesome Inspiration accessibility modal incident resource	accessibility_resource	https://github.com/shsfwork/awesome-inspiration/blob/main/contributing.md	https://frontendatlas.com/incidents/modal-screen-reader-failure	pull_request	submitted	2026-09-04	2026-09-04	2026-09-11	Score 92.5/100 (fit 30; acceptance 22.5; link 18; trust/referral 12; permanence/ease 10). Pre-action registry, historical-report, Gmail, and GitHub duplicate checks were clear; Semrush recheck was quota-limited. Browser verified a source-controlled Accessibility list and direct href whose rel contained only noopener; no conflicting canonical. PR 22 is open with one commit, one file, and +1/-0; creator/freemium disclosure included. Acceptance and live placement remain unverified. Review 2026-09-19 listed https://shsfwork.github.io/awesome-inspiration/ among the verified live donor pages. No exact merge date was established; not rechecked during registry consolidation.	https://github.com/shsfwork/awesome-inspiration/pull/22
webdev-resources.netlify.app	webdev-resources.netlify.app	Web Dev Resources FrontendAtlas Machine Coding entry	resource_library	https://github.com/WebdevShefali/Web-Dev-Resources/blob/main/CONTRIBUTING.md	https://frontendatlas.com/machine-coding	pull_request	submitted	2026-09-04	2026-09-04	2026-09-11	Score 92.5/100 (fit 30; acceptance 22.5; link 18; trust/referral 12; permanence/ease 10). Pre-action registry, historical-report, Gmail, and GitHub duplicate checks were clear; Semrush recheck was quota-limited. Browser verified a source-controlled resource list and permanent direct href whose rel contained only noopener; no conflicting canonical. PR 18 is open with one commit, one file, and +1/-0; creator/freemium disclosure included. Acceptance and live placement remain unverified. Review 2026-09-19 listed https://webdev-resources.netlify.app/ among the verified live donor pages. No exact merge date was established; not rechecked during registry consolidation.	https://github.com/WebdevShefali/Web-Dev-Resources/pull/18
frontwizards.com	frontwizards.com	Frontend Wizards File Tree related machine-coding practice	resource_library	https://github.com/frontendwizards/Frontend-Challenges/issues/new	https://frontendatlas.com/machine-coding	issue	submitted	2026-09-04	2026-09-04	2026-09-11	Score 91.5/100 (fit 30; acceptance 20; link 18; trust/referral 13.5; permanence/ease 10). Pre-action registry, historical-report, Gmail, and GitHub duplicate checks were clear; Semrush recheck was quota-limited. Browser verified the index,follow File Tree page and permanent direct learning-resource href with rel absent; canonical was missing but not conflicting. Issue 101 follows the issue-first policy and includes creator/freemium disclosure. Acceptance and live placement remain unverified.	https://github.com/frontendwizards/frontend-challenges/issues/101
theblackfemaleengineer.com	www.theblackfemaleengineer.com	The Black Female Engineer system design guide resource	resource_library	https://www.theblackfemaleengineer.com/resources/submit	https://frontendatlas.com/system-design	form	submitted	2026-09-04	2026-09-04	2026-09-11	Score 90/100 (fit 30; acceptance 20; link 18; trust/referral 12; permanence/ease 10). Pre-action registry, historical-report, Gmail, and public duplicate checks were clear; Semrush recheck was quota-limited. Browser verified a permanent System Design Guide href whose rel contained only noopener and noreferrer, with no conflicting canonical. The free official form displayed Resource Submitted after one submission with creator/freemium disclosure. No unique receipt URL exists; acceptance and live placement remain unverified.	https://www.theblackfemaleengineer.com/resources/submit
resurse.dev	resurse.dev	Resurse.dev Front End system-design catalog proposal	resource_library	https://github.com/ViorelMocanu/digital-resources/blob/main/CONTRIBUTING.md	https://frontendatlas.com/system-design	issue	submitted	2026-09-04	2026-09-04	2026-09-11	Score 87/100 (fit 30; acceptance 17.5; link 20; trust/referral 12; permanence/ease 7.5). Pre-action registry, historical-report, Gmail, and GitHub duplicate checks were clear; Semrush recheck was quota-limited. Browser verified the index,follow detail page, equivalent trailing-slash canonical, and direct href without nofollow, ugc, or sponsored; a transient load error cleared on retry. Issue 389 is open for taxonomy approval with creator/freemium disclosure. Acceptance and live placement remain unverified.	https://github.com/ViorelMocanu/digital-resources/issues/389
tevko.github.io	tevko.github.io	Tevko Resources Tutorials frontend machine-coding practice	resource_library	https://github.com/tevko/Resources/blob/master/README.md	https://frontendatlas.com/machine-coding	pull_request	submitted	2026-09-04	2026-09-04	2026-09-11	Score 83/100 (fit 30; acceptance 20; link 15.5; trust/referral 7.5; permanence/ease 10). Pre-action registry, historical-report, Gmail, and GitHub duplicate checks were clear; Semrush recheck was quota-limited. Browser verified a source-controlled Tutorials result with direct href=https://github.com/dypsilon/frontend-dev-bookmarks and rel absent after search; HTTPS returned 200 with no redirect, canonical, or blocking robots rule. PR 24 is open and mergeable; its three-commit net diff changes one file by +1/-0 and includes creator/freemium and OpenAI-assistance disclosures. Acceptance and live placement remain unverified.	https://github.com/tevko/Resources/pull/24
clhenrick.io	clhenrick.io	Chris Henrick React modal optional practice	editorial	https://clhenrick.io/blog/react-a11y-modal-dialog/	https://frontendatlas.com/incidents/modal-screen-reader-failure	email	contacted	2026-09-19	2026-09-19		2026-09-06 history audit found no matching prior outreach in the registry, targeted Gmail searches, or historical reports; not proof against unrecorded channels. Planned for later sequential outreach; no action taken. Require day-of-send preflight; Semrush API units unavailable. Queue 1. Further Reading placement; anonymous target overview and evidence verified, later simulator steps untested; source canonical absent. Continuation 2026-09-19: Kontrol edilen kayıtlarda önceki iletişim bulunmadı; tarih sınırsız gerçek taraf, yayıncı aliası, kaynak ve hedef geçmişi kontrol edildi. Güncel resmî sayfadaki alternatif e-posta kanalına tek öneri gönderildi. Gmail SENT, gerçek alıcı, konu, içerik ve hedef doğrulandı. AI taslak desteği açıklandı; yalnız kamu overview/evidence, platform freemium. Teslim/yanıt/canlı bağlantı doğrulanmadı.	https://clhenrick.io/contact/
a11y-dialog.netlify.app	a11y-dialog.netlify.app	a11y-dialog focus restoration practice proposal	open_source_resource	https://a11y-dialog.netlify.app/advanced/focus-considerations/	https://frontendatlas.com/incidents/modal-screen-reader-failure	issue	submitted	2026-09-19	2026-09-19		2026-09-06 history audit found no matching prior outreach in the registry, targeted Gmail searches, or historical reports; not proof against unrecorded channels. Planned for later sequential outreach; no action taken. Require day-of-send preflight; Semrush API units unavailable. Queue 2. Issue-first discussion after Focus restoration; GitHub issue and PR searches for FrontendAtlas and the maintainer account returned no matches. Do not imply a library defect. Source robots.txt remained unverified. Continuation 2026-09-19: Kontrol edilen kayıtlarda önceki iletişim bulunmadı; tarih sınırsız Gmail, marka/yazar GitHub issue ve PR aramaları tamamlandı. Güncel CONTRIBUTING issue-first akışına uygun tek kaynak önerisi #940 açıldı; doğru yazar, başlık, içerik ve open durumu bağımsız okumayla doğrulandı. Connector integration FORBIDDEN sonrası aynı kimlikte gh CLI kullanıldı; otomatik onay engeli değildi. PR veya canlı bağlantı yok.	https://github.com/KittyGiraudel/a11y-dialog/issues/940
universaldesign.ie	universaldesign.ie	CEUD accessible modal supplementary practice	resource_library	https://universaldesign.ie/communications-digital/web-and-mobile-accessibility/web-accessibility-techniques/developers-introduction-and-index/ensure-custom-widgets-are-accessible/create-accessible-modal-dialogues	https://frontendatlas.com/incidents/modal-screen-reader-failure	email	contacted	2026-09-19	2026-09-19		2026-09-06 history audit found no matching prior outreach in the registry, targeted Gmail searches, or historical reports; not proof against unrecorded channels. Planned for later sequential outreach; no action taken. Require day-of-send preflight; Semrush API units unavailable. Queue 3. General Enquiries should route the Further reading suggestion to the content editor; public resource acceptance policy unverified. CEUD is not a university. Continuation 2026-09-19: Kontrol edilen kayıtlarda önceki iletişim bulunmadı; CEUD, ceud.ie, NDA, nda.ie kimlikleri, resmî gerçek alıcı ve kaynak/hedef geçmişi kontrol edildi. Güncel kaynak ve General Enquiries kanalı yeniden açıldı. Tek Further reading önerisi gönderildi; Gmail SENT, gerçek alıcı/gönderen, konu, içerik ve hedef doğrulandı. CEUD üniversite değil; freemium ve endorsement kapsamı açıklandı. Teslim/yanıt/link doğrulanmadı.	https://universaldesign.ie/about/contact-us
shiftmag.dev	shiftmag.dev	ShiftMag accessibility optional practice resource	editorial	https://shiftmag.dev/you-dont-need-to-care-just-make-your-products-accessible-8752/	https://frontendatlas.com/incidents/modal-screen-reader-failure	email	excluded		2026-09-19		2026-09-06 history audit found no matching prior outreach in the registry, targeted Gmail searches, or historical reports; not proof against unrecorded channels. Planned for later sequential outreach; no action taken. Require day-of-send preflight; Semrush API units unavailable. Queue 4. Optional practice after Tier 2 The Curious; editorial policy excludes self-promotional content, so eligibility requires an educational editorial review. Continuation review 2026-09-19: do_not_send_self_promotion_policy. Açık tanıtım yasağı; önceki planın educationalreview yorumu bu yasağı geçersiz kılmaz. Bu tur gönderim yapılmadı.	https://shiftmag.dev/about/
tetralogical.com	tetralogical.com	TetraLogical logical focus order companion	editorial	https://tetralogical.com/blog/2026/08/19/designing-for-no-or-limited-mobility/	https://frontendatlas.com/incidents/modal-screen-reader-failure	email	contacted	2026-09-19	2026-09-19		2026-09-06 history audit found no matching prior outreach in the registry, targeted Gmail searches, or historical reports; not proof against unrecorded channels. Planned for later sequential outreach; no action taken. Require day-of-send preflight; Semrush API units unavailable. Queue 5. Suggest one supporting resource after the Logical focus order modal example; general contact exists but external resource acceptance policy is unverified. Continuation 2026-09-19: Kontrol edilen kayıtlarda önceki iletişim bulunmadı; yayıncı/yazar/kişi aliasları ve gerçek resmî alıcı, kaynak/hedef geçmişi incelendi. Kaynak ve resmî kanal güncel olarak açıldı. Gmail SENT, tek gerçek alıcı, bağlı gönderen, konu, içerik ve hedef doğrulandı. Yalnız kamu özeti/kanıtları önerildi; platform freemium. Teslim, yanıt veya canlı bağlantı doğrulanmadı.	https://tetralogical.com/
css-tricks.com	css-tricks.com	CSS-Tricks aria-hidden optional debugging case	editorial	https://css-tricks.com/blocked-aria-hidden-fix/	https://frontendatlas.com/incidents/modal-screen-reader-failure	form	submitted	2026-09-19	2026-09-19		2026-09-06 history audit found no matching prior outreach in the registry, targeted Gmail searches, or historical reports; not proof against unrecorded channels. Planned for later sequential outreach; no action taken. Require day-of-send preflight; Semrush API units unavailable. Queue 6. Article contextual external links are nofollow noopener; do not promise a followed link. Gmail matches were unrelated correspondence, not outreach to CSS-Tricks. Parent DigitalOcean was internally researched and excluded on 2026-08-23, not contacted; preserve this distinction. Continuation 2026-09-19: Kontrol edilen kayıtlarda önceki iletişim bulunmadı; CSS-Tricks/DigitalOcean/editör/yazar ve kaynak geçmişindeki metin eşleşmeleri gerçek tarafları incelenerek elendi. Resmî form normal Chrome gezinmesinde açıldı, I want to share something non-spammy seçildi. Ad ve e-posta görsel, tam mesaj/tek hedef DOM üzerinden doğrulandı. AI yardımı açıklanan114kelimelik öneri tek tıklamayla gönderildi; sayfa kişiye hitap eden teşekkür ve değerlendirme sonrası dönüş bildirimi gösterdi. Bu başvuru makbuzudur, editoryal kabul/canlı link değildir. Örnek editorialrel nofollow noopener.	https://css-tricks.com/contact/
nextjsweekly.com	nextjsweekly.com	Next.js Weekly future Related section suggestion	newsletter	https://nextjsweekly.com/issues/142	https://frontendatlas.com/incidents/modal-screen-reader-failure	email	contacted	2026-09-19	2026-09-19		2026-09-06 history audit found no matching prior outreach in the registry, targeted Gmail searches, or historical reports; not proof against unrecorded channels. Planned for later sequential outreach; no action taken. Require day-of-send preflight; Semrush API units unavailable. Queue 7, pending anonymous target access verification after Vercel HTTP 429; browser content access alone did not establish an anonymous session. Existing issue is placement-format evidence, not a future backlink URL. Gmail phrase match was unrelated correspondence. Continuation 2026-09-19: Kontrol edilen kayıtlarda önceki iletişim bulunmadı; yayıncı, resmî adres, kaynak ve hedef geçmişi kontrol edildi. Önceki genel ifade eşleşmesi Toronto'ya gönderilmiş ilgisiz ders önerisiydi. Güncel #142 Related ve footer link önerisi daveti yeniden açıldı. Gmail SENT, gerçek alıcı/gönderen, konu, içerik ve hedef doğrulandı. Yeni modal hedefiyle gelecekteki Related bölümü önerisi; mevcut arşiv gelecekteki URL değildir. Teslim/yanıt/canlı bağlantı doğrulanmadı. Previous proposed target: https://frontendatlas.com/incidents/stale-search-race. Previous archive/source example: https://nextjsweekly.com/issues/141.	https://nextjsweekly.com/issues/142
reactdigest.net	reactdigest.net	React Digest future async UI resource suggestion	newsletter	https://reactdigest.net/newsletters/2355-making-react-testing-library-tests-43-faster	https://frontendatlas.com/incidents/modal-screen-reader-failure	email	contacted	2026-09-19	2026-09-19		2026-09-06 history audit found no matching prior outreach in the registry, targeted Gmail searches, or historical reports; not proof against unrecorded channels. Planned for later sequential outreach; no action taken. Require day-of-send preflight; Semrush API units unavailable. Queue 8, pending anonymous target access verification after Vercel HTTP 429. Bonobo Press ownership and official contact checked. Existing newsletter issue is format evidence, not the future placement URL. Continuation 2026-09-19: Kontrol edilen kayıtlarda önceki iletişim bulunmadı; Bonobo'nun dört yayın domaini, yayıncı adı, resmî adres ve gerçek taraflar kontrol edildi. Jakub metin eşleşmeleri ilgisiz destek/bülten konuşmalarıydı. Son HTTP arşiv/kanal403 sonucu ayrıca korundu; her ikisi normal Chrome gezinmesinde canlı açıldı ve resmî mailto doğrulandı. Gmail SENT, gerçek alıcı/gönderen, konu, içerik ve hedef eşleşti. Yeni modal hedefiyle gelecekteki editoryal sayı önerisidir; gelecek URL bilinmiyor. Teslim/yanıt/link doğrulanmadı. Previous proposed target: https://frontendatlas.com/incidents/stale-search-race. Bonobo Press duplicate-contact checks also cover programmingdigest.net, leadershipintech.com and csharpdigest.net alongside reactdigest.net; these are related publisher identities, not separate sends.	https://bonobopress.com/
js-seo.org	js-seo.org	JavaScript SEO rendering architecture article suggestion	resource_library	https://js-seo.org/js-seo-resources	https://frontendatlas.com/guides/system-design-blueprint/architecture	form	planned_not_sent		2026-09-19		2026-09-06 history audit found no matching prior outreach in the registry, targeted Gmail searches, or historical reports; not proof against unrecorded channels. Planned for later sequential outreach; no action taken. Require day-of-send preflight; Semrush API units unavailable. Queue 9, hold for eligibility review. Previously researched and internally vetoed on 2026-08-24 for missing self-canonical and old OG host, not a publisher rejection or sent outreach; preserved in 2026-09-04 historical-only list. Source canonical remains absent; anonymous target verification blocked by Vercel HTTP 429. Resolve these prior gates before sending. Continuation review 2026-09-19: held_previous_technical_veto_unresolved. Canonical/OG vetosu çözülmedi ve doğru hedefoturumsuz429. Bu tur gönderim yapılmadı.	https://js-seo.org/js-seo-resources
skillcrush.com	skillcrush.com	Skillcrush technical interview frontend shortlist suggestion	editorial	https://skillcrush.com/blog/technical-interviews/	https://frontendatlas.com/interview-questions/essential	email	planned_not_sent		2026-09-19		2026-09-06 history audit found no matching prior outreach in the registry, targeted Gmail searches, or historical reports; not proof against unrecorded channels. Planned for later sequential outreach; no action taken. Require day-of-send preflight; Semrush API units unavailable. Queue 10, hold for eligibility review. Previously researched and internally vetoed on 2026-08-24 because the contact route was course/account support rather than a verified editorial channel, not a publisher rejection or sent outreach; preserved in 2026-09-04 historical-only list. Editorial routing and anonymous target access remain unverified; do not describe all practice as free. Continuation review 2026-09-19: held_previous_editorial_channel_veto_unresolved. Kanal ve hedef erişimi önceki vetoyu aşmıyor. Bu tur gönderim yapılmadı.	https://skillcrush.com/blog/technical-interviews/
frontendgeek.com	www.frontendgeek.com	FrontendGeek system design final-review checklist	resource_library	https://www.frontendgeek.com/frontend-interview/system-design-interview	https://frontendatlas.com/guides/system-design-blueprint/checklist	email	contacted	2026-08-14	2026-09-06		Historical outreach backfilled after verifying a Gmail SENT message dated 2026-08-14 to the publisher contact and the exact checklist target. No reply found in the matching history checked on 2026-09-06. The public URL identifies the intended resource section, not public proof of delivery. Acceptance and live placement remain unverified; suppress duplicate new outreach. No new message sent during this audit.	https://www.frontendgeek.com/frontend-interview/system-design-interview
thisweekinreact.com	thisweekinreact.com	This Week In React — Gelecek sayının React bölümündeki editoryal kaynak bağlantıları; #295 yalnız mevcut yerleşim örneği, gelecekteki backlink URL'si bilinmiyor.	newsletter	https://thisweekinreact.com/newsletter/295	https://frontendatlas.com/incidents/modal-screen-reader-failure	email	contacted		2026-09-06		User explicitly reported prior contact on 2026-09-06 and instructed contacted status; original send date, channel and linked asset are unknown. Earlier Gmail searches did not locate that historical communication. Current source/target are retained only as the researched proposal, not as verified historical send details. Suppress all new outreach to this publisher. Historical duplicate-contact search identifiers: substack.thisweekinreact.com, slo.im. Check these identities before further outreach; this does not record separate sends to them.	https://sebastienlorber.com/
developerway.com	www.developerway.com	Developer Way — Step 5: dealing with edge cases and accessibility; Issue 3 altındaki odak paragrafından sonra isteğe bağlı alıştırma	editorial	https://www.developerway.com/posts/hard-react-questions-and-modal-dialog	https://frontendatlas.com/incidents/modal-screen-reader-failure	email	contacted	2026-09-06	2026-09-06		One individually addressed editorial email sent through Gmail; SENT label and actual recipient domain/target verified after send. User authorized sequential outreach after duplicate preflight on 2026-09-06. Date-unrestricted Gmail/domain/publisher/official-channel/source/target audit found no prior contact in checked records. Anonymous target overview/evidence returned HTTP200; platform freemium disclosed. Semrush recheck remained blocked by insufficient API units; current backlinks and authority unverified. Acceptance, publication and future link rel unverified; no automatic follow-up scheduled. Historical duplicate-contact search identifiers: adevnadia.com, advanced-react.com, getwebperf.com, buckets-ui.com. Check these identities before further outreach; this does not record separate sends to them.	https://www.developerway.com/about
polypane.app	polypane.app	Polypane — Can users get to everything on my pages without using a mouse? bölümünün Does the tab order make sense? alt bölümünden sonra	editorial	https://polypane.app/blog/find-and-fix-accessibility-issues-with-polypane/	https://frontendatlas.com/incidents/modal-screen-reader-failure	email	contacted	2026-09-06	2026-09-06		One individually addressed editorial email sent through Gmail; SENT label and actual recipient domain/target verified after send. User authorized sequential outreach after duplicate preflight on 2026-09-06. Date-unrestricted Gmail/domain/publisher/official-channel/source/target audit found no prior contact in checked records. Anonymous target overview/evidence returned HTTP200; platform freemium disclosed. Semrush recheck remained blocked by insufficient API units; current backlinks and authority unverified. Acceptance, publication and future link rel unverified; no automatic follow-up scheduled. Historical duplicate-contact search identifiers: kilianvalkhof.com, firstversionist.com, superposition.design, fixa11y.com. Check these identities before further outreach; this does not record separate sends to them.	https://polypane.app/about/
intopia.digital	intopia.digital	Intopia — #4 – Keyboard focus isn’t managed properly: Find it paragrafından sonra	editorial	https://intopia.digital/articles/top-5-web-accessibility-issues-2024/	https://frontendatlas.com/incidents/modal-screen-reader-failure	form	submitted	2026-09-06	2026-09-06		One individually prepared editorial suggestion submitted through the official public contact form; success confirmation verified. User authorized sequential outreach after duplicate preflight on 2026-09-06. Date-unrestricted Gmail/domain/publisher/official-channel/source/target audit found no prior contact in checked records. Anonymous target overview/evidence returned HTTP200; platform freemium disclosed. Semrush recheck remained blocked by insufficient API units; current backlinks and authority unverified. Acceptance, publication and future link rel unverified; no automatic follow-up scheduled.	https://intopia.digital/contact-us/
hidde.blog	hidde.blog	Hidde — FAQ: Where should focus move? açıklamasından sonra isteğe bağlı uygulama kaynağı	editorial	https://hidde.blog/dialog-modal-popover-differences/	https://frontendatlas.com/incidents/modal-screen-reader-failure	email	contacted	2026-09-06	2026-09-06		One individually addressed editorial email sent through Gmail; SENT label and actual recipient domain/target verified after send. User authorized sequential outreach after duplicate preflight on 2026-09-06. Date-unrestricted Gmail/domain/publisher/official-channel/source/target audit found no prior contact in checked records. Anonymous target overview/evidence returned HTTP200; platform freemium disclosed. Semrush recheck remained blocked by insufficient API units; current backlinks and authority unverified. Acceptance, publication and future link rel unverified; no automatic follow-up scheduled. Historical duplicate-contact search identifiers: hiddedevries.nl. Check these identities before further outreach; this does not record separate sends to them.	https://hidde.blog/contact/
webaxe.org	www.webaxe.org	Web Axe — Gelecek Reading List yazısındaki editörün seçtiği kaynak maddesi; mevcut Aralık 2025 sayfası yerleşim örneğidir	resource_library	https://www.webaxe.org/reading-list-dec-2025/	https://frontendatlas.com/incidents/modal-screen-reader-failure	email	contacted	2026-09-06	2026-09-06		One individually addressed editorial email sent through Gmail; SENT label and actual recipient domain/target verified after send. User authorized sequential outreach after duplicate preflight on 2026-09-06. Date-unrestricted Gmail/domain/publisher/official-channel/source/target audit found no prior contact in checked records. Anonymous target overview/evidence returned HTTP200; platform freemium disclosed. Semrush recheck remained blocked by insufficient API units; current backlinks and authority unverified. Acceptance, publication and future link rel unverified; no automatic follow-up scheduled. Historical duplicate-contact search identifiers: dennislembree.com, weboverhauls.com, easychirp.com. Check these identities before further outreach; this does not record separate sends to them.	https://www.webaxe.org/about/
villanova.edu	villanova.edu	Villanova Career Center — historical send backfill	university_career		https://frontendatlas.com/machine-coding	email	contacted	2026-08-17	2026-09-06	2026-09-15	Historical missing send discovered in date-unrestricted Gmail audit; actual recipient domain, sent label, thread and FrontendAtlas machine-coding target verified. Exact historical source page was not present and is not backfilled; source/evidence URL fields intentionally blank. No response, publication or current backlink verified; historic access claims not revalidated. University research and new outreach remain paused; this is record reconciliation only, no message sent this round.	
htmhell.dev	www.htmhell.dev	HTMHell — Discover Dialog	editorial	https://www.htmhell.dev/adventcalendar/2025/9/	https://frontendatlas.com/incidents/modal-screen-reader-failure	email	contacted	2026-09-06	2026-09-06		Round3 rank 1; score 83/100 (29+24+15+7+8). kontrol edilen kayıtlarda önceki iletişim bulunmadı; date-unrestricted Gmail actual-party/source/target, repo and applicable public submission checks completed 2026-09-06. Public target overview/evidence verified anonymously; wider platform freemium. Semrush API quota blocked current backlink and authority verification. Editorial acceptance and future rel unverified. Execution 2026-09-06: Gmail SENT etiketi, gerçek alıcı ve hedef URL gönderim sonrası okunarak doğrulandı. Alıcıya teslim veya editoryal yanıt ayrıca doğrulanmadı. Historical duplicate-contact search identifiers: matuzo.social, accessibility-cookbook.com. Check these identities before further outreach; this does not record separate sends to them.	https://www.matuzo.at/
axesslab.com	axesslab.com	Axess Lab	editorial	https://axesslab.com/what-is-a-screen-reader/	https://frontendatlas.com/incidents/modal-screen-reader-failure	email	contacted	2026-09-06	2026-09-06		Round3 rank 2; score 82/100 (30+23+14+7+8). kontrol edilen kayıtlarda önceki iletişim bulunmadı; date-unrestricted Gmail actual-party/source/target, repo and applicable public submission checks completed 2026-09-06. Public target overview/evidence verified anonymously; wider platform freemium. Semrush API quota blocked current backlink and authority verification. Editorial acceptance and future rel unverified. Execution 2026-09-06: Gmail SENT etiketi, gerçek alıcı ve hedef URL gönderim sonrası okunarak doğrulandı. Alıcıya teslim veya editoryal yanıt ayrıca doğrulanmadı. Historical duplicate-contact search identifiers: axesslab.se. Check these identities before further outreach; this does not record separate sends to them.	https://axesslab.com/contact/
jser.info	jser.info	JSer.info — haftalık JavaScript kaynakları	newsletter	https://jser.info/2026/08/27/pnpm-12-bun-1.4-solid-2.0-rc/	https://frontendatlas.com/incidents/modal-screen-reader-failure	form	planned_not_sent		2026-09-06		Round3 rank 3; score 82/100 (26+22+21+6+7). kontrol edilen kayıtlarda önceki iletişim bulunmadı; date-unrestricted Gmail actual-party/source/target, repo and applicable public submission checks completed 2026-09-06. Public target overview/evidence verified anonymously; wider platform freemium. Semrush API quota blocked current backlink and authority verification. Source URL is an existing archive example; proposed future issue URL is unknown. Editorial acceptance and future rel unverified. Execution 2026-09-06: Ping formunda tek gönderim tıklaması yapıldı; istemci hata dalında JavaScript alert gösterdi. Düğme devre dışı kaldı, görünür başarı bildirimi oluşmadı. 20:04 UTC doğrudan jser/ping issue listesinde en yeni kayıt #174 (2024-02-20); yeni FrontendAtlas kaydı bulunmadı. Teslim yokluğu kesin kanıtlanamaz. Yeniden gönderim veya alternatif kanal denenmedi. Teslim belirsizliği çözülmeden yeniden gönderme. Historical duplicate-contact search identifiers: efcl.info, azu.github.io, jser.github.io, ecmascript-daily.github.io. Check these identities before further outreach; this does not record separate sends to them.	https://jser.info/ping/
frontendpro.dev	www.frontendpro.dev	FrontendPro — eski adı CodingSpace	resource_library	https://www.frontendpro.dev/frontend-coding-challenges/feedback-modal-component-Dh1l0ru6tRXHWiudIEmA	https://frontendatlas.com/incidents/modal-screen-reader-failure	issue	submitted	2026-09-06	2026-09-06		Round3 rank 4; score 80/100 (30+23+14+6+7). kontrol edilen kayıtlarda önceki iletişim bulunmadı; date-unrestricted Gmail actual-party/source/target, repo and applicable public submission checks completed 2026-09-06. Public target overview/evidence verified anonymously; wider platform freemium. Semrush API quota blocked current backlink and authority verification. Editorial acceptance and future rel unverified. Execution 2026-09-06: Resmî Feature request şablonuyla issue #259 oluşturuldu. Kamuya açık sayfa ve GitHub fetch_issue ile yazar MuslumYilmaz, open durumu, kaynak sayfa ve hedef URL doğrulandı. Editoryal kabul veya rehbere eklenen canlı bağlantı yok. Historical duplicate-contact search identifiers: codingspace.codes. Check these identities before further outreach; this does not record separate sends to them.	https://github.com/rishipurwar1/FrontendPro/issues/259
tempertemper.net	www.tempertemper.net	tempertemper / Martin Underhill	editorial	https://www.tempertemper.net/blog/buttons-links-and-focus	https://frontendatlas.com/incidents/modal-screen-reader-failure	form	planned_not_sent		2026-09-06		Round3 rank 5; score 80/100 (29+22+14+7+8). kontrol edilen kayıtlarda önceki iletişim bulunmadı; date-unrestricted Gmail actual-party/source/target, repo and applicable public submission checks completed 2026-09-06. Public target overview/evidence verified anonymously; wider platform freemium. Semrush API quota blocked current backlink and authority verification. Editorial acceptance and future rel unverified. Execution 2026-09-06: Form hazırlandı; ad ve dolu e-posta ekran görüntüsünde, tam mesaj DOM üzerinden doğrulandı. Otomatik onay denetimi DOM çıktısında e-posta alanının boş görünmesini gerekçe göstererek gönderimi iki kez eylem gerçekleşmeden reddetti. Ek tam sayfa ekran doğrulaması sonrasında da ret sürdü; gönderim yapılmadı. Kullanıcı onayı veya denetim engelinin çözülmesi gerekiyor; form hazır, otomatik tekrar yok.	https://www.tempertemper.net/contact
sparkbox.com	accessible-components.sparkbox.com	Sparkbox	resource_library	https://accessible-components.sparkbox.com/dialog	https://frontendatlas.com/incidents/modal-screen-reader-failure	email	contacted	2026-09-06	2026-09-06		Round3 rank 6; score 79/100 (30+22+13+6+8). kontrol edilen kayıtlarda önceki iletişim bulunmadı; date-unrestricted Gmail actual-party/source/target, repo and applicable public submission checks completed 2026-09-06. Public target overview/evidence verified anonymously; wider platform freemium. Semrush API quota blocked current backlink and authority verification. Specific subproject maintenance remains uncertain; publisher is active. Editorial acceptance and future rel unverified. Execution 2026-09-06: Gmail SENT etiketi, gerçek alıcı ve hedef URL gönderim sonrası okunarak doğrulandı. Alıcıya teslim veya editoryal yanıt ayrıca doğrulanmadı. Historical duplicate-contact search identifiers: seesparkbox.com, apprentices.sparkbox.com. Check these identities before further outreach; this does not record separate sends to them.	https://sparkbox.com/contact
jaredcunha.com	jaredcunha.com	Jared Cunha	editorial	https://jaredcunha.com/blog/html-dialog-getting-accessibility-and-ux-right	https://frontendatlas.com/incidents/modal-screen-reader-failure	email	contacted	2026-09-19	2026-09-19		Round4 sıra 1; puan 84/100 (30+24+15+7+8). kontrol edilen kayıtlarda önceki iletişim bulunmadı; bağlı Gmail tarih sınırsız gerçek taraf/kimlik/kaynak/hedef ve taslak/zamanlanmış kontrolü 2026-09-19; repo ve uygulanabilir kamu başvuruları incelendi. Hedef kamu özeti/kanıtları oturumsuz 2026-09-19 doğrulandı; platform freemium. Kaynak/kanal teknik kontrolü 2026-09-19. Semrush API kotası: mevcut backlink, domain/sayfa otoritesi ve trafik doğrulanamadı. Engel: Yazarın ticari/freemium bir kaynağa ek referans verme isteği doğrulanamadı. Editoryal kabul ve gelecekteki rel belirsiz. Gönderim yok. Execution 2026-09-19: Gmail SENT etiketi, gerçek alıcı, bağlı hesap göndereni, konu ve hedef URL gönderim sonrası tam mesajdan doğrulandı. Teslim, insan yanıtı ve bağlantı eklenmesi henüz doğrulanmadı.	https://jaredcunha.com/contact
frontend-interview.com	frontend-interview.com	Frontend Interview Prep / Nachiket Salvi	editorial	https://frontend-interview.com/q/building-an-accessible-modal-dialog.html	https://frontendatlas.com/incidents/modal-screen-reader-failure	email	contacted	2026-09-19	2026-09-19		Round4 sıra 2; puan 82/100 (30+21+17+6+8). kontrol edilen kayıtlarda önceki iletişim bulunmadı; bağlı Gmail tarih sınırsız gerçek taraf/kimlik/kaynak/hedef ve taslak/zamanlanmış kontrolü 2026-09-19; repo ve uygulanabilir kamu başvuruları incelendi. Hedef kamu özeti/kanıtları oturumsuz 2026-09-19 doğrulandı; platform freemium. Kaynak/kanal teknik kontrolü 2026-09-19. Semrush API kotası: mevcut backlink, domain/sayfa otoritesi ve trafik doğrulanamadı. Engel: Konu ve kaynaklar doğrudan uygun. Cevabın inert/aria-hidden ifadesi ikisini tam eşdeğer gibi kısaltıyor; metnin her teknik iddiasını onayladığımız söylenmemeli. Tamamen doğrulanmış kod örneği veya öğretici doğruluk garantisi verilmedi. Editoryal kabul ve gelecekteki rel belirsiz. Gönderim yok. Execution 2026-09-19: Gmail SENT etiketi, gerçek alıcı, bağlı hesap göndereni, konu ve hedef URL gönderim sonrası tam mesajdan doğrulandı. Teslim, insan yanıtı ve bağlantı eklenmesi henüz doğrulanmadı.	https://frontend-interview.com/contact.html
joyofcode.xyz	joyofcode.xyz	Joy of Code / Matia	editorial	https://joyofcode.xyz/entry-and-exit-css-transitions	https://frontendatlas.com/incidents/modal-screen-reader-failure	pull_request	submitted	2026-09-19	2026-09-19		Round4 sıra 3; puan 81/100 (27+23+17+7+7). kontrol edilen kayıtlarda önceki iletişim bulunmadı; bağlı Gmail tarih sınırsız gerçek taraf/kimlik/kaynak/hedef ve taslak/zamanlanmış kontrolü 2026-09-19; repo ve uygulanabilir kamu başvuruları incelendi. Hedef kamu özeti/kanıtları oturumsuz 2026-09-19 doğrulandı; platform freemium. Kaynak/kanal teknik kontrolü 2026-09-19. Semrush API kotası: mevcut backlink, domain/sayfa otoritesi ve trafik doğrulanamadı. Engel: Native dialog animasyonu ile custom React portal arızası farklı uygulamalar; ilişki dikkatli kurulmalı. Editoryal kabul ve gelecekteki rel belirsiz. Gönderim yok. Canonical matiadev/joy-of-code deposunda marka ve MuslumYilmaz issue/PR geçmişi boş; eski mattcroat aynı yayıncı. Execution 2026-09-19: Canonical matiadev/joy-of-code deposuna PR #196 açıldı; MuslumYilmaz yazarı, open/draft=false durumu, tek dosyada tek paragraf ve doğru hedef bağlantı bağımsız GitHub okumasıyla doğrulandı. Vercel preview ekip yetkilendirmesi bekliyor; merge, canlı bağlantı veya test başarısı iddia edilmedi.	https://github.com/matiadev/joy-of-code/pull/196
access42.net	access42.net	Access42 Scop	editorial	https://access42.net/organiser-revisions-examen-certification/	https://frontendatlas.com/incidents/modal-screen-reader-failure	email	contacted	2026-09-19	2026-09-19		Round4 sıra 4; puan 81/100 (30+24+14+7+6). kontrol edilen kayıtlarda önceki iletişim bulunmadı; bağlı Gmail tarih sınırsız gerçek taraf/kimlik/kaynak/hedef ve taslak/zamanlanmış kontrolü 2026-09-19; repo ve uygulanabilir kamu başvuruları incelendi. Hedef kamu özeti/kanıtları oturumsuz 2026-09-19 doğrulandı; platform freemium. Kaynak/kanal teknik kontrolü 2026-09-19. Semrush API kotası: mevcut backlink, domain/sayfa otoritesi ve trafik doğrulanamadı. Engel: FA tam ücretsiz audit sandbox olarak doğrulanmadı; kamu özeti/kanıtı yalnız tamamlayıcı analiz materyalidir. Eğitim sağlayıcısı freemium rakip kaynak için takdir kullanır. Editoryal kabul ve gelecekteki rel belirsiz. Gönderim yok. Execution 2026-09-19: Fransızca kişiselleştirilmiş öneri genel resmî e-posta kanalına gönderildi. Gmail SENT etiketi, gerçek alıcı, bağlı hesap göndereni, konu ve hedef URL gönderim sonrası tam mesajdan doğrulandı. Teslim, insan yanıtı ve bağlantı eklenmesi henüz doğrulanmadı. Historical duplicate-contact search identifiers: a42.fr. Check these identities before further outreach; this does not record separate sends to them.	https://access42.net/contact/
marcysutton.com	marcysutton.com	Marcy Sutton	editorial	https://marcysutton.com/how-i-audit-a-website-for-accessibility/	https://frontendatlas.com/incidents/modal-screen-reader-failure	form	submitted		2026-09-19		Round4 sıra 5; puan 81/100 (29+23+14+7+8). kontrol edilen kayıtlarda önceki iletişim bulunmadı; bağlı Gmail tarih sınırsız gerçek taraf/kimlik/kaynak/hedef ve taslak/zamanlanmış kontrolü 2026-09-19; repo ve uygulanabilir kamu başvuruları incelendi. Hedef kamu özeti/kanıtları oturumsuz 2026-09-19 doğrulandı; platform freemium. Kaynak/kanal teknik kontrolü 2026-09-19. Semrush API kotası: mevcut backlink, domain/sayfa otoritesi ve trafik doğrulanamadı. Engel: Eski makaleyi tekrar düzenleme isteği ve dış eğitim kaynağına editoryal ilgi belirsiz. Editoryal kabul ve gelecekteki rel belirsiz. Gönderim yok. Execution 2026-09-19: Kullanıcının işlem özelindeki açık onayı alındı ve form dolduruldu. E-posta alanı ekran görüntüsünde dolu, mesaj DOM'da birebir doğrulandı; otomatik onay denetimi metin çıktısında e-posta boş görünmesini gerekçe göstererek iki Send işlemini gerçekleşmeden reddetti. Gönderim yok; contacted tarihi boş. Dolu resmî form kullanıcıya bırakıldı; alternatif kanalla tekrar denenmedi. User report 2026-09-19: Kullanıcı Marcy formunu kendisinin gönderdiğini bildirdi. Güncel durum submitted; bağımsız araçla gönderim veya teslim doğrulanmış sayılmadı. Gerçek gönderim tarihi bildirilmediğinden contacted_on boş. Önceki otomatik denetim engeli tarihsel olarak korunur; yeniden gönderme. Historical duplicate-contact search identifiers: testingaccessibility.com, marcysutton.github.io. Check these identities before further outreach; this does not record separate sends to them.	https://marcysutton.com/contact/
nolanlawson.com	nolanlawson.com	Nolan Lawson / Read the Tea Leaves	editorial	https://nolanlawson.com/2022/06/14/dialogs-and-shadow-dom-can-we-make-it-accessible/	https://frontendatlas.com/incidents/modal-screen-reader-failure	email	contacted	2026-09-19	2026-09-19		Round4 sıra 6; puan 80/100 (28+23+14+8+7). kontrol edilen kayıtlarda önceki iletişim bulunmadı; bağlı Gmail tarih sınırsız gerçek taraf/kimlik/kaynak/hedef ve taslak/zamanlanmış kontrolü 2026-09-19; repo ve uygulanabilir kamu başvuruları incelendi. Hedef kamu özeti/kanıtları oturumsuz 2026-09-19 doğrulandı; platform freemium. Kaynak/kanal teknik kontrolü 2026-09-19. Semrush API kotası: mevcut backlink, domain/sayfa otoritesi ve trafik doğrulanamadı. Engel: Sayfa 2022 ve Shadow DOM'a odaklı; FA case bu konuya özel kompatibilite testi değildir. Genel eğitim örneği olarak dar konumlandırılmalı. Editoryal kabul ve gelecekteki rel belirsiz. Gönderim yok. Execution 2026-09-19: AI yardımı açıklaması korunarak genel resmî e-posta kanalına gönderildi. Gönderim sonrası SENT etiketi, gerçek alıcı, bağlı gönderen, konu, içerik ve hedef doğrulandı; teslim/yanıt/canlı bağlantı henüz doğrulanmadı. Historical duplicate-contact search identifiers: pocketjavascript.com, pinafore.social. Check these identities before further outreach; this does not record separate sends to them.	https://nolanlawson.com/about/
abilitynet.org.uk	abilitynet.org.uk	AbilityNet	editorial	https://abilitynet.org.uk/news-blogs/three-stories-about-ai-and-accessibility-every-cto-will-recognise	https://frontendatlas.com/incidents/modal-screen-reader-failure	email	contacted	2026-09-19	2026-09-19		Round4 sıra 7; puan 80/100 (28+22+14+8+8). kontrol edilen kayıtlarda önceki iletişim bulunmadı; bağlı Gmail tarih sınırsız gerçek taraf/kimlik/kaynak/hedef ve taslak/zamanlanmış kontrolü 2026-09-19; repo ve uygulanabilir kamu başvuruları incelendi. Hedef kamu özeti/kanıtları oturumsuz 2026-09-19 doğrulandı; platform freemium. Kaynak/kanal teknik kontrolü 2026-09-19. Semrush API kotası: mevcut backlink, domain/sayfa otoritesi ve trafik doğrulanamadı. Engel: FA örneği AbilityNet'in gerçek müşteri hikâyelerinden biri gibi veya AI sebebiyle oluşmuş olay gibi sunulamaz; platformun freemium kapsamı açıkça söylenmeli. Editoryal kabul ve gelecekteki rel belirsiz. Gönderim yok. Execution 2026-09-19: Güncel resmî medya iletişimine kişiselleştirilmiş öneri gönderildi. Gönderim sonrası SENT etiketi, gerçek alıcı, bağlı gönderen, konu, içerik ve hedef doğrulandı; teslim/yanıt/canlı bağlantı henüz doğrulanmadı. Historical duplicate-contact search identifiers: citizensonline.org.uk. Check these identities before further outreach; this does not record separate sends to them.	https://abilitynet.org.uk/how-to-contact-us
brucelawson.co.uk	brucelawson.co.uk	Bruce Lawson	newsletter	https://brucelawson.co.uk/2026/reading-list-361/	https://frontendatlas.com/incidents/modal-screen-reader-failure	email	contacted	2026-09-19	2026-09-19		Round4 sıra 8; puan 78/100 (27+22+14+7+8). kontrol edilen kayıtlarda önceki iletişim bulunmadı; bağlı Gmail tarih sınırsız gerçek taraf/kimlik/kaynak/hedef ve taslak/zamanlanmış kontrolü 2026-09-19; repo ve uygulanabilir kamu başvuruları incelendi. Hedef kamu özeti/kanıtları oturumsuz 2026-09-19 doğrulandı; platform freemium. Kaynak/kanal teknik kontrolü 2026-09-06. Semrush API kotası: mevcut backlink, domain/sayfa otoritesi ve trafik doğrulanamadı. Engel: Gelecek sayının yayını/URL'si/yerleşimi bilinmiyor; editoryal seçim ve freemium kaynak yaklaşımı takdire bağlı. Editoryal kabul ve gelecekteki rel belirsiz. Gönderim yok. Kaynak mevcut arşiv örneğidir; gelecek sayının URLsi bilinmiyor. robots kısıtı öğrenildikten sonra yeniden taranmadı; 19 Eylül teknik erişim iddiası yok. Execution 2026-09-19: Gönderim öncesi19Eylül kaynak ve resmî Contact sayfası Chrome'da yeniden açıldı; görünür resmî iletişim doğrulandı. İlgisiz eski bülten eşleşmesi temas sayılmadı. Gmail SENT, gerçek alıcı/gönderen, konu, içerik ve hedef doğrulandı. Gelecek Reading List önerisidir; yayın/teslim/yanıt henüz doğrulanmadı. Historical duplicate-contact search identifiers: cruellestmonths.com, f-word.dev, whats-bruce-wearing-today.tumblr.com, travelling-bruce.tumblr.com. Check these identities before further outreach; this does not record separate sends to them.	https://brucelawson.co.uk/contact/
yatil.net	yatil.net	Eric Eggert	editorial	https://yatil.net/blog/focusable-ui-elements	https://frontendatlas.com/incidents/modal-screen-reader-failure	email	contacted	2026-09-19	2026-09-19		Round4 sıra 9; puan 76/100 (26+22+13+7+8). kontrol edilen kayıtlarda önceki iletişim bulunmadı; bağlı Gmail tarih sınırsız gerçek taraf/kimlik/kaynak/hedef ve taslak/zamanlanmış kontrolü 2026-09-19; repo ve uygulanabilir kamu başvuruları incelendi. Hedef kamu özeti/kanıtları oturumsuz 2026-09-19 doğrulandı; platform freemium. Kaynak/kanal teknik kontrolü 2026-09-19. Semrush API kotası: mevcut backlink, domain/sayfa otoritesi ve trafik doğrulanamadı. Engel: Makale doğrudan modal rehberi değil. Ayrıca Axess Lab daha önce ele alınmış yayıncı; kişi teması geçmişte gerçekleşmişse yeni kişisel domain bahanesiyle yeniden ulaşılmamalı. Editoryal kabul ve gelecekteki rel belirsiz. Gönderim yok. Execution 2026-09-19: Kişi ve outline alias geçmişi kontrol edilerek resmî genel e-posta kanalına gönderildi. SENT etiketi, gerçek alıcı/gönderen, konu, içerik ve hedef gönderim sonrası doğrulandı. Axess Lab kaydı ayrı korundu; teslim/yanıt/canlı bağlantı henüz doğrulanmadı. Historical duplicate-contact search identifiers: outline.rocks, yatil.social. Check these identities before further outreach; this does not record separate sends to them.	https://yatil.net/about
gerireid.com	gerireid.com	Geri Reid Ltd	editorial	https://gerireid.com/blog/can-ai-write-accessibility-specs/	https://frontendatlas.com/incidents/modal-screen-reader-failure	email	contacted	2026-09-19	2026-09-19		Round4 sıra 10; puan 74/100 (25+21+14+7+7). kontrol edilen kayıtlarda önceki iletişim bulunmadı; bağlı Gmail tarih sınırsız gerçek taraf/kimlik/kaynak/hedef ve taslak/zamanlanmış kontrolü 2026-09-19; repo ve uygulanabilir kamu başvuruları incelendi. Hedef kamu özeti/kanıtları oturumsuz 2026-09-19 doğrulandı; platform freemium. Kaynak/kanal teknik kontrolü 2026-09-19. Semrush API kotası: mevcut backlink, domain/sayfa otoritesi ve trafik doğrulanamadı. Engel: FA arızasının AI kaynaklı olduğu iddia edilmemeli; bağlantı insan kontrolünü somutlaştırmalı. Tamamen ücretsiz platform veya tam simülatör erişimi iddiası yapılmaz. Editoryal kabul ve gelecekteki rel belirsiz. Gönderim yok. Execution 2026-09-19: Resmî genel iletişim kanalına kişiselleştirilmiş öneri gönderildi. Gönderim sonrası SENT etiketi, gerçek alıcı/gönderen, konu, içerik ve hedef doğrulandı; teslim/yanıt/canlı bağlantı henüz doğrulanmadı.	https://gerireid.com/
harvard.edu	careerservices.fas.harvard.edu	Harvard Mignone Center for Career Success historical outreach	university_career	https://careerservices.fas.harvard.edu/resources/technical-interviews/	https://frontendatlas.com/coding	email	contacted	2026-03-15	2026-09-19		University-only review 2026-09-19: prior real SENT verified in full Gmail message and thread; actual Harvard institutional recipient and exact FA target confirmed. Email names Technical Interviews but does not contain the historical source URL; source_url is the currently verified matching official page, not a proven historical URL. Suppress all Harvard departments/channels; no new message sent.	https://careerservices.fas.harvard.edu/resources/technical-interviews/
uagc.edu	www.uagc.edu	University of Arizona Global Campus historical Career Services outreach	university_career	https://www.uagc.edu/	https://frontendatlas.com/tools/cv	email	contacted	2026-08-15	2026-09-19		University-only review 2026-09-19: prior real SENT and separate automated acknowledgement verified; actual institutional recipient and exact FA target confirmed. Historical source named Resume, CV, and Cover Letter Help; exact historical URL unknown, so source_url is institutional root only. University of Arizona acquired UAGC in2023; suppress both uagc.edu and arizona.edu as related institutional ownership. No new message sent.	https://news.arizona.edu/news/uarizona-completes-acquisition-uagc
wfu.edu	accessibility.wfu.edu	Wake Forest University	academic	https://accessibility.wfu.edu/accessibility-guide/	https://frontendatlas.com/incidents/modal-screen-reader-failure	email	contacted	2026-09-19	2026-09-20		University-only round 2026-09-19: rank 1, score 86/100. Kontrol edilen kayıtlarda önceki iletişim bulunmadı. Gmail SENT label, actual official recipient, date and exact message body verified after one send. Central university service/resource owner; not a faculty/course-owner contact. SENT/submission is not delivery or editorial acceptance; no live backlink verified.	https://accessibility.wfu.edu/contact/
clemson.edu	www.clemson.edu	Clemson University	academic	https://www.clemson.edu/accessibility/digital/guides/web/forms-controls.html	https://frontendatlas.com/incidents/modal-screen-reader-failure	form	submitted	2026-09-19	2026-09-20		University-only round 2026-09-19: rank 2, score 85/100. Kontrol edilen kayıtlarda önceki iletişim bulunmadı. Official feedback form submitted once; subsequent page displayed Thank You and confirmed successful submission. Central university service/resource owner; not a faculty/course-owner contact. SENT/submission is not delivery or editorial acceptance; no live backlink verified.	https://www.clemson.edu/accessibility/feedback.html
ttu.edu	www.ttu.edu	Texas Tech University	academic	https://www.ttu.edu/accessibility/digital-accessibility/accessibility-topics/keyboard-accessibility.php	https://frontendatlas.com/incidents/modal-screen-reader-failure	email	contacted	2026-09-19	2026-09-20		University-only round 2026-09-19: rank 3, score 83/100. Kontrol edilen kayıtlarda önceki iletişim bulunmadı. Gmail SENT label, actual official recipient, date and exact message body verified after one send. Central university service/resource owner; not a faculty/course-owner contact. SENT/submission is not delivery or editorial acceptance; no live backlink verified.	https://www.ttu.edu/accessibility/digital-accessibility/accessibility-topics/keyboard-accessibility.php
uga.edu	dash.uga.edu	University of Georgia	academic	https://dash.uga.edu/accessibility-techniques/popups/	https://frontendatlas.com/incidents/modal-screen-reader-failure	email	contacted	2026-09-19	2026-09-20		University-only round 2026-09-19: rank 4, score 80/100. Kontrol edilen kayıtlarda önceki iletişim bulunmadı. Gmail SENT label, actual official recipient, date and exact message body verified after one send. Central university service/resource owner; not a faculty/course-owner contact. SENT/submission is not delivery or editorial acceptance; no live backlink verified.	https://dash.uga.edu/accessibility-techniques/popups/
nmsu.edu	webcomm.nmsu.edu	New Mexico State University	academic	https://webcomm.nmsu.edu/accessibility/resources/index.html	https://frontendatlas.com/incidents/modal-screen-reader-failure	email	contacted	2026-09-19	2026-09-20		University-only round 2026-09-19: rank 5, score 75/100. Kontrol edilen kayıtlarda önceki iletişim bulunmadı. Gmail SENT label, actual official recipient, date and exact message body verified after one send. Central university service/resource owner; not a faculty/course-owner contact. SENT/submission is not delivery or editorial acceptance; no live backlink verified.	https://webcomm.nmsu.edu/services/service-requests.html
rutgers.edu	it.rutgers.edu	Rutgers, The State University of New Jersey	academic	https://it.rutgers.edu/digital-accessibility/learning-paths/	https://frontendatlas.com/incidents/modal-screen-reader-failure	email	contacted	2026-09-19	2026-09-20		University-only round 2026-09-19: rank 6, score 73/100. Kontrol edilen kayıtlarda önceki iletişim bulunmadı. Gmail SENT and exact recipient/message verified. Subsequent NDR5505.7.193 confirms university group rejects external senders; delivery failed. No retry or alternate recipient used; institution suppressed. Central university service/resource owner; not a faculty/course-owner contact. SENT/submission is not delivery or editorial acceptance; no live backlink verified.	https://it.rutgers.edu/digital-accessibility/
uchicago.edu	uchicago.edu	University of Chicago historical resource outreach	university_career	https://uchicago.edu/	https://frontendatlas.com/interview-questions	email	contacted	2026-08-17	2026-09-19		University-only history reconciliation 2026-09-19: 1 verified prior SENT event(s) for this target: 2026-08-17 (2026-08-17T08:00:50.000Z). Career Services; Interviewing ve Technical Interview Preparation kaynak önerisi. Exact historical source URL unknown; source_url and evidence_url are institutional-root placeholders, not a backlink placement or public submission receipt. Full Gmail messages and threads were read; SENT and actual institutional recipients verified. This establishes prior contact, not delivery/read/acceptance. Suppress further contact to this institution under the current task; no new send in this historical reconciliation.	https://uchicago.edu/
yale.edu	yale.edu	Yale University historical resource outreach	university_career	https://yale.edu/	https://frontendatlas.com/interview-questions/essential	email	contacted	2026-08-17	2026-09-19		University-only history reconciliation 2026-09-19: 1 verified prior SENT event(s) for this target: 2026-08-17 (2026-08-17T05:46:47.000Z). Office of Career Strategy teknik mülakat kaynak önerisi. Exact historical source URL unknown; source_url and evidence_url are institutional-root placeholders, not a backlink placement or public submission receipt. Full Gmail messages and threads were read; SENT and actual institutional recipients verified. This establishes prior contact, not delivery/read/acceptance. Suppress further contact to this institution under the current task; no new send in this historical reconciliation.	https://yale.edu/
princeton.edu	princeton.edu	Princeton University historical resource outreach	university_career	https://princeton.edu/	https://frontendatlas.com/machine-coding	email	contacted	2026-08-17	2026-09-19		University-only history reconciliation 2026-09-19: 1 verified prior SENT event(s) for this target: 2026-08-17 (2026-08-17T10:39:36.000Z). Career Development birimine kaynak önerisi. Exact historical source URL unknown; source_url and evidence_url are institutional-root placeholders, not a backlink placement or public submission receipt. Full Gmail messages and threads were read; SENT and actual institutional recipients verified. This establishes prior contact, not delivery/read/acceptance. Suppress further contact to this institution under the current task; no new send in this historical reconciliation.	https://princeton.edu/
nyu.edu	nyu.edu	New York University historical resource outreach	university_career	https://nyu.edu/	https://frontendatlas.com/guides/interview-blueprint/intro	email	contacted	2026-08-17	2026-09-19		University-only history reconciliation 2026-09-19: 2 verified prior SENT event(s) for this target: 2026-08-17 (2026-08-17T06:48:23.000Z); 2026-08-17 (2026-08-17T07:22:59.000Z). Wasserman genel kanalı ve ardından Career Programs & Coaching ekibi; iki ayrı SENT ve otomatik yönlendirme cevabı. Exact historical source URL unknown; source_url and evidence_url are institutional-root placeholders, not a backlink placement or public submission receipt. The institutional history includes 1 automated response(s); these do not establish human acceptance. Full Gmail messages and threads were read; SENT and actual institutional recipients verified. This establishes prior contact, not delivery/read/acceptance. Suppress further contact to this institution under the current task; no new send in this historical reconciliation.	https://nyu.edu/
psu.edu	psu.edu	Pennsylvania State University historical resource outreach	university_career	https://psu.edu/	https://frontendatlas.com/tools/cv	email	contacted	2026-08-15	2026-09-19		University-only history reconciliation 2026-09-19: 1 verified prior SENT event(s) for this target: 2026-08-15 (2026-08-15T14:55:48.000Z). Kurum alıcısına CV aracı kaynak önerisi; otomatik cevap var, insan kabulü değil. Exact historical source URL unknown; source_url and evidence_url are institutional-root placeholders, not a backlink placement or public submission receipt. The institutional history includes 1 automated response(s); these do not establish human acceptance. Full Gmail messages and threads were read; SENT and actual institutional recipients verified. This establishes prior contact, not delivery/read/acceptance. Suppress further contact to this institution under the current task; no new send in this historical reconciliation.	https://psu.edu/
iu.edu	iu.edu	Indiana University historical resource outreach	university_career	https://iu.edu/	https://frontendatlas.com/coding	email	contacted	2026-08-15	2026-09-19		University-only history reconciliation 2026-09-19: 1 verified prior SENT event(s) for this target: 2026-08-15 (2026-08-15T16:36:47.000Z). Career Services birimine kodlama kaynağı önerisi. Exact historical source URL unknown; source_url and evidence_url are institutional-root placeholders, not a backlink placement or public submission receipt. Institutional aliases: iupui.edu. Full Gmail messages and threads were read; SENT and actual institutional recipients verified. This establishes prior contact, not delivery/read/acceptance. Suppress further contact to this institution under the current task; no new send in this historical reconciliation.	https://iu.edu/
umd.edu	umd.edu	University of Maryland historical resource outreach	university_career	https://umd.edu/	https://frontendatlas.com/coding	email	contacted	2026-03-15	2026-09-19		University-only history reconciliation 2026-09-19: 2 verified prior SENT event(s) for this target: 2026-03-15 (2026-03-15T12:44:59.000Z); 2026-03-27 (2026-03-27T20:33:27.000Z). İki cs.umd.edu ve iki umd.edu alıcı grubuna tarihsel kaynak önerileri; gerçek hedefler ayrı saklandı. Güncel bölüm rolü bu tarihsel denetimden çıkarılmadı. Exact historical source URL unknown; source_url and evidence_url are institutional-root placeholders, not a backlink placement or public submission receipt. The earliest observed target used http://frontendatlas.com/coding; the registry normalizes it to HTTPS; the observed HTTP form is recorded here. Full Gmail messages and threads were read; SENT and actual institutional recipients verified. This establishes prior contact, not delivery/read/acceptance. Suppress further contact to this institution under the current task; no new send in this historical reconciliation.	https://umd.edu/
umd.edu	umd.edu	University of Maryland historical resource outreach	university_career	https://umd.edu/	https://frontendatlas.com/tools/cv	email	contacted	2026-08-15	2026-09-19		University-only history reconciliation 2026-09-19: 1 verified prior SENT event(s) for this target: 2026-08-15 (2026-08-15T15:46:50.000Z). İki cs.umd.edu ve iki umd.edu alıcı grubuna tarihsel kaynak önerileri; gerçek hedefler ayrı saklandı. Güncel bölüm rolü bu tarihsel denetimden çıkarılmadı. Exact historical source URL unknown; source_url and evidence_url are institutional-root placeholders, not a backlink placement or public submission receipt. Full Gmail messages and threads were read; SENT and actual institutional recipients verified. This establishes prior contact, not delivery/read/acceptance. Suppress further contact to this institution under the current task; no new send in this historical reconciliation.	https://umd.edu/
umd.edu	umd.edu	University of Maryland historical resource outreach	university_career	https://umd.edu/	https://frontendatlas.com/interview-questions	email	contacted	2026-08-17	2026-09-19		University-only history reconciliation 2026-09-19: 1 verified prior SENT event(s) for this target: 2026-08-17 (2026-08-17T07:55:51.000Z). İki cs.umd.edu ve iki umd.edu alıcı grubuna tarihsel kaynak önerileri; gerçek hedefler ayrı saklandı. Güncel bölüm rolü bu tarihsel denetimden çıkarılmadı. Exact historical source URL unknown; source_url and evidence_url are institutional-root placeholders, not a backlink placement or public submission receipt. Full Gmail messages and threads were read; SENT and actual institutional recipients verified. This establishes prior contact, not delivery/read/acceptance. Suppress further contact to this institution under the current task; no new send in this historical reconciliation.	https://umd.edu/
rice.edu	rice.edu	Rice University historical resource outreach	university_career	https://rice.edu/	https://frontendatlas.com/interview-questions	email	contacted	2026-08-17	2026-09-19		University-only history reconciliation 2026-09-19: 1 verified prior SENT event(s) for this target: 2026-08-17 (2026-08-17T08:08:08.000Z). Center for Career Development; Career Resource Library/12twenty kaynakları bağlamı. Exact historical source URL unknown; source_url and evidence_url are institutional-root placeholders, not a backlink placement or public submission receipt. Full Gmail messages and threads were read; SENT and actual institutional recipients verified. This establishes prior contact, not delivery/read/acceptance. Suppress further contact to this institution under the current task; no new send in this historical reconciliation.	https://rice.edu/
emory.edu	emory.edu	Emory University historical resource outreach	university_career	https://emory.edu/	https://frontendatlas.com/coding	email	contacted	2026-03-15	2026-09-19		University-only history reconciliation 2026-09-19: 2 verified prior SENT event(s) for this target: 2026-03-15 (2026-03-15T12:40:43.000Z); 2026-03-27 (2026-03-27T20:35:57.000Z). Kurum alıcısına kodlama/mülakat kaynağı önerisi; ayrı iki tarihli SENT. Exact historical source URL unknown; source_url and evidence_url are institutional-root placeholders, not a backlink placement or public submission receipt. Full Gmail messages and threads were read; SENT and actual institutional recipients verified. This establishes prior contact, not delivery/read/acceptance. Suppress further contact to this institution under the current task; no new send in this historical reconciliation.	https://emory.edu/
virginia.edu	virginia.edu	University of Virginia historical resource outreach	university_career	https://virginia.edu/	https://frontendatlas.com/coding	email	contacted	2026-08-15	2026-09-19		University-only history reconciliation 2026-09-19: 1 verified prior SENT event(s) for this target: 2026-08-15 (2026-08-15T16:36:20.000Z). UVA Engineering interviewing kaynak sayfası bağlamı; kariyer hazırlığı önerisi. Exact historical source URL unknown; source_url and evidence_url are institutional-root placeholders, not a backlink placement or public submission receipt. Full Gmail messages and threads were read; SENT and actual institutional recipients verified. This establishes prior contact, not delivery/read/acceptance. Suppress further contact to this institution under the current task; no new send in this historical reconciliation.	https://virginia.edu/
ncsu.edu	ncsu.edu	North Carolina State University historical resource outreach	university_career	https://ncsu.edu/	https://frontendatlas.com/guides/system-design-blueprint/checklist	email	contacted	2026-08-15	2026-09-19		University-only history reconciliation 2026-09-19: 1 verified prior SENT event(s) for this target: 2026-08-15 (2026-08-15T13:19:29.000Z). Kurum alıcısına sistem tasarımı hazırlık kontrol listesi önerisi; güncel birim sahibi bu tarihsel denetimden çıkarılmadı. Exact historical source URL unknown; source_url and evidence_url are institutional-root placeholders, not a backlink placement or public submission receipt. Full Gmail messages and threads were read; SENT and actual institutional recipients verified. This establishes prior contact, not delivery/read/acceptance. Suppress further contact to this institution under the current task; no new send in this historical reconciliation.	https://ncsu.edu/
umn.edu	umn.edu	University of Minnesota historical resource outreach	university_career	https://umn.edu/	https://frontendatlas.com/tools/cv	email	contacted	2026-08-15	2026-09-19		University-only history reconciliation 2026-09-19: 1 verified prior SENT event(s) for this target: 2026-08-15 (2026-08-15T14:09:03.000Z). Earlier CV email is distinct from the preserved 2026-08-22 CSS form submission. Exact historical source URL unknown; source_url and evidence_url are institutional-root placeholders, not a backlink placement or public submission receipt. Full Gmail messages and threads were read; SENT and actual institutional recipients verified. This establishes prior contact, not delivery/read/acceptance. Suppress further contact to this institution under the current task; no new send in this historical reconciliation.	https://umn.edu/
utoronto.ca	utoronto.ca	University of Toronto UTM Career Centre historical resource outreach	university_career	https://utoronto.ca/	https://frontendatlas.com/guides/interview-blueprint/intro	email	contacted	2026-08-17	2026-09-19		University-only history reconciliation 2026-09-19: 1 verified prior SENT event(s) for this target: 2026-08-17 (2026-08-17T10:47:04.000Z). Earlier UTM career contact is distinct from the preserved 2026-08-21 CSC309 faculty email. Exact historical source URL unknown; source_url and evidence_url are institutional-root placeholders, not a backlink placement or public submission receipt. Institutional aliases: toronto.edu, utm.utoronto.ca. Full Gmail messages and threads were read; SENT and actual institutional recipients verified. This establishes prior contact, not delivery/read/acceptance. Suppress further contact to this institution under the current task; no new send in this historical reconciliation.	https://utoronto.ca/
washington.edu	washington.edu	University of Washington historical Career Services outreach	university_career	https://washington.edu/	https://frontendatlas.com/machine-coding	email	contacted	2026-08-17	2026-09-19		University-only history reconciliation 2026-09-19: One real SENT on 2026-08-17 (2026-08-17T05:47:17.000Z) through actual institutional alias uw.edu to /machine-coding was verified in the full message and conversation. The historical unit was Career Services and the page was described as Technical Interviews. Exact historical source URL unknown; source_url and evidence_url are institutional-root placeholders, not a backlink placement or public receipt. The pre-existing CSE154 course opportunity is preserved separately and is not asserted to be the historical source; the current UW-IT popups page is also not the historical source. washington.edu and uw.edu are the same institution. SENT confirms prior contact, not delivery, reading, acceptance or publication. Suppress further institutional contact under the current task; no new send occurred during this historical reconciliation.	https://washington.edu/
coderslingo.com	coderslingo.com	CodersLingo	resource_library			form	planned_not_sent		2026-09-04		Review 2026-09-04 recorded a failed resource-form submission attempt: the placeholder endpoint https://formspree.io/f/suggest-resource returned an error. Successful delivery was not verified and the candidate was excluded from that round. Exact donor page and intended FrontendAtlas URL were not recorded, so those fields remain empty. Do not count this as a successful contact or retry automatically; not rechecked during registry consolidation.	
